Дата,Время,Валюта,Важность,Событие
2025-01-01,02:30,USD,M,united states API Weekly Crude Oil Stock
2025-01-02,12:00,GBP,M,united kingdom Nationwide HPI (YoY)  (Dec)
2025-01-02,12:00,GBP,M,united kingdom Nationwide HPI (MoM)  (Dec)
2025-01-02,18:30,USD,M,united states Continuing Jobless Claims
2025-01-02,18:30,USD,H,united states Initial Jobless Claims
2025-01-02,20:00,USD,M,united states Construction Spending (MoM)  (Nov)
2025-01-02,21:00,USD,H,united states Crude Oil Inventories
2025-01-02,21:00,USD,M,united states Cushing Crude Oil Inventories
2025-01-02,22:00,USD,M,united states Atlanta Fed GDPNow  (Q4)
2025-01-03,03:45,USD,M,united states Fed's Balance Sheet
2025-01-03,12:00,TRY,M,türkiye CPI (MoM)  (Dec)
2025-01-03,12:00,TRY,M,türkiye CPI (YoY)  (Dec)
2025-01-03,13:00,EUR,M,spain Spanish Unemployment Change  (Dec)
2025-01-03,13:30,CHF,M,switzerland procure.ch Manufacturing PMI  (Dec)
2025-01-03,13:55,EUR,M,germany German Unemployment Change  (Dec)
2025-01-03,13:55,EUR,M,germany German Unemployment Rate  (Dec)
2025-01-03,20:00,USD,M,united states ISM Manufacturing Employment  (Dec)
2025-01-03,20:00,USD,H,united states ISM Manufacturing PMI  (Dec)
2025-01-03,20:00,USD,H,united states ISM Manufacturing Prices  (Dec)
2025-01-03,21:00,USD,M,united states Atlanta Fed GDPNow  (Q4)
2025-01-03,21:00,EUR,M,euro zone ECB's Lane Speaks
2025-01-03,23:00,USD,M,united states U.S. Baker Hughes Oil Rig Count
2025-01-03,23:00,USD,M,united states U.S. Baker Hughes Total Rig Count
2025-01-04,01:30,RUB,M,russia CFTC RUB speculative positions
2025-01-04,21:00,EUR,M,euro zone ECB's Lane Speaks
2025-01-05,03:30,USD,M,united states FOMC Member Daly Speaks
2025-01-05,23:15,USD,M,united states FOMC Member Daly Speaks
2025-01-06,18:00,EUR,M,germany German CPI (YoY)  (Dec)
2025-01-06,18:00,EUR,H,germany German CPI (MoM)  (Dec)
2025-01-06,20:00,USD,M,united states Factory Orders (MoM)  (Nov)
2025-01-06,23:00,USD,M,united states 3-Year Note Auction
2025-01-07,01:30,GBP,M,united kingdom CFTC GBP speculative net positions
2025-01-07,01:30,USD,M,united states CFTC Crude Oil speculative net positions
2025-01-07,01:30,USD,M,united states CFTC Gold speculative net positions
2025-01-07,01:30,USD,M,united states CFTC Nasdaq 100 speculative net positions
2025-01-07,01:30,USD,M,united states CFTC S&P 500 speculative net positions
2025-01-07,01:30,AUD,M,australia CFTC AUD speculative net positions
2025-01-07,01:30,BRL,M,brazil CFTC BRL speculative net positions
2025-01-07,01:30,JPY,M,japan CFTC JPY speculative net positions
2025-01-07,01:30,EUR,M,euro zone CFTC EUR speculative net positions
2025-01-07,05:01,GBP,M,united kingdom BRC Retail Sales Monitor (YoY)  (Dec)
2025-01-07,05:30,AUD,M,australia Building Approvals (MoM)  (Nov)
2025-01-07,08:35,JPY,M,japan 10-Year JGB Auction
2025-01-07,12:00,GBP,M,united kingdom Halifax House Price Index (YoY)  (Dec)
2025-01-07,12:00,GBP,M,united kingdom Halifax House Price Index (MoM)  (Dec)
2025-01-07,12:30,CHF,M,switzerland CPI (MoM)  (Dec)
2025-01-07,12:45,EUR,M,france French CPI (MoM)  (Dec)
2025-01-07,12:45,EUR,M,france French HICP (MoM)  (Dec)
2025-01-07,13:00,BRL,M,brazil IPC-Fipe Inflation Index (MoM)  (Dec)
2025-01-07,15:00,EUR,M,euro zone Core CPI (YoY)  (Dec)
2025-01-07,15:00,EUR,H,euro zone CPI (YoY)  (Dec)
2025-01-07,15:00,EUR,M,euro zone CPI (MoM)  (Dec)
2025-01-07,15:00,EUR,M,euro zone Unemployment Rate  (Nov)
2025-01-07,18:30,USD,M,united states Exports  (Nov)
2025-01-07,18:30,USD,M,united states Imports  (Nov)
2025-01-07,18:30,USD,M,united states Trade Balance  (Nov)
2025-01-07,18:30,CAD,M,canada Trade Balance  (Nov)
2025-01-07,20:00,USD,M,united states ISM Non-Manufacturing Employment  (Dec)
2025-01-07,20:00,USD,H,united states ISM Non-Manufacturing PMI  (Dec)
2025-01-07,20:00,USD,H,united states ISM Non-Manufacturing Prices  (Dec)
2025-01-07,20:00,USD,H,united states JOLTS Job Openings  (Nov)
2025-01-07,20:00,CAD,M,canada Ivey PMI  (Dec)
2025-01-07,23:00,USD,H,united states 10-Year Note Auction
2025-01-07,23:00,USD,M,united states Atlanta Fed GDPNow  (Q4)
2025-01-08,02:30,USD,M,united states API Weekly Crude Oil Stock
2025-01-08,12:00,SEK,M,sweden CPI (YoY)  (Dec)
2025-01-08,12:00,SEK,M,sweden CPI (MoM)  (Dec)
2025-01-08,12:00,EUR,M,germany German Factory Orders (MoM)  (Nov)
2025-01-08,12:00,EUR,M,germany German Retail Sales (MoM)  (Nov)
2025-01-08,14:30,GBP,M,united kingdom Mortgage Rate (GBP)  (Dec)
2025-01-08,15:05,GBP,M,united kingdom BoE Deputy Governor Woods Speaks
2025-01-08,15:40,EUR,M,germany German 10-Year Bund Auction
2025-01-08,17:00,BRL,M,brazil Industrial Production (YoY)  (Nov)
2025-01-08,18:15,USD,H,united states ADP Nonfarm Employment Change  (Dec)
2025-01-08,18:30,USD,M,united states Continuing Jobless Claims
2025-01-08,18:30,USD,M,united states Fed Waller Speaks
2025-01-08,18:30,USD,H,united states Initial Jobless Claims
2025-01-08,20:30,USD,H,united states Crude Oil Inventories
2025-01-08,20:30,USD,M,united states Cushing Crude Oil Inventories
2025-01-08,23:00,USD,H,united states 30-Year Bond Auction
2025-01-09,00:00,USD,H,united states FOMC Meeting Minutes
2025-01-09,01:00,USD,M,united states Consumer Credit  (Nov)
2025-01-09,05:30,AUD,M,australia Retail Sales (MoM)  (Nov)
2025-01-09,05:30,AUD,M,australia Trade Balance  (Nov)
2025-01-09,06:30,CNY,M,china CPI (MoM)  (Dec)
2025-01-09,06:30,CNY,M,china CPI (YoY)  (Dec)
2025-01-09,06:30,CNY,M,china PPI (YoY)  (Dec)
2025-01-09,12:00,EUR,M,germany German Industrial Production (MoM)  (Nov)
2025-01-09,12:00,EUR,M,germany German Trade Balance  (Nov)
2025-01-09,14:00,EUR,M,euro zone ECB Economic Bulletin
2025-01-09,17:00,MXN,M,mexico CPI (MoM)  (Dec)
2025-01-09,17:00,MXN,M,mexico CPI (YoY)  (Dec)
2025-01-09,17:00,BRL,M,brazil Retail Sales (MoM)  (Nov)
2025-01-09,17:00,BRL,M,brazil Retail Sales (YoY)  (Nov)
2025-01-09,19:00,USD,M,united states FOMC Member Harker Speaks
2025-01-09,20:00,MXN,M,mexico Monetary Policy Meeting Minutes
2025-01-09,21:30,USD,M,united states Atlanta Fed GDPNow  (Q4)
2025-01-09,23:35,USD,M,united states FOMC Member Bowman Speaks
2025-01-10,04:30,JPY,M,japan Household Spending (YoY)  (Nov)
2025-01-10,04:30,JPY,M,japan Household Spending (MoM)  (Nov)
2025-01-10,12:45,EUR,M,france French Consumer Spending (MoM)  (Nov)
2025-01-10,17:00,BRL,M,brazil CPI (YoY)  (Dec)
2025-01-10,18:30,USD,M,united states Average Hourly Earnings (YoY) (YoY)  (Dec)
2025-01-10,18:30,USD,H,united states Average Hourly Earnings (MoM)  (Dec)
2025-01-10,18:30,USD,H,united states Nonfarm Payrolls  (Dec)
2025-01-10,18:30,USD,M,united states Participation Rate  (Dec)
2025-01-10,18:30,USD,M,united states Private Nonfarm Payrolls  (Dec)
2025-01-10,18:30,USD,M,united states U6 Unemployment Rate  (Dec)
2025-01-10,18:30,USD,H,united states Unemployment Rate  (Dec)
2025-01-10,18:30,CAD,M,canada Building Permits (MoM)  (Nov)
2025-01-10,18:30,CAD,M,canada Employment Change  (Dec)
2025-01-10,18:30,CAD,M,canada Unemployment Rate  (Dec)
2025-01-10,20:00,USD,M,united states Michigan 1-Year Inflation Expectations  (Jan)
2025-01-10,20:00,USD,M,united states Michigan 5-Year Inflation Expectations  (Jan)
2025-01-10,20:00,USD,M,united states Michigan Consumer Expectations  (Jan)
2025-01-10,20:00,USD,M,united states Michigan Consumer Sentiment  (Jan)
2025-01-10,22:00,USD,M,united states WASDE Report
2025-01-10,23:00,USD,M,united states U.S. Baker Hughes Oil Rig Count
2025-01-10,23:00,USD,M,united states U.S. Baker Hughes Total Rig Count
2025-01-11,01:30,RUB,M,russia CFTC RUB speculative positions
2025-01-11,02:30,USD,M,united states Fed's Balance Sheet
2025-01-13,08:00,CNY,M,china Exports (YoY)  (Dec)
2025-01-13,08:01,CNY,M,china Imports (YoY)  (Dec)
2025-01-13,08:02,CNY,M,china Trade Balance (USD)  (Dec)
2025-01-13,08:15,EUR,M,euro zone ECB's Lane Speaks
2025-01-13,12:00,TRY,M,türkiye Turkish Retail Sales (YoY)  (Nov)
2025-01-13,12:00,TRY,M,türkiye Turkish Retail Sales (MoM)  (Nov)
2025-01-13,13:00,CHF,M,switzerland SECO Consumer Climate
2025-01-13,15:30,INR,M,india CPI (YoY)  (Dec)
2025-01-13,21:00,USD,M,united states NY Fed 1-Year Consumer Inflation Expectations  (Dec)
2025-01-14,01:30,GBP,M,united kingdom CFTC GBP speculative net positions
2025-01-14,01:30,USD,M,united states CFTC Crude Oil speculative net positions
2025-01-14,01:30,USD,M,united states CFTC Gold speculative net positions
2025-01-14,01:30,USD,M,united states CFTC Nasdaq 100 speculative net positions
2025-01-14,01:30,USD,M,united states CFTC S&P 500 speculative net positions
2025-01-14,01:30,AUD,M,australia CFTC AUD speculative net positions
2025-01-14,01:30,BRL,M,brazil CFTC BRL speculative net positions
2025-01-14,01:30,JPY,M,japan CFTC JPY speculative net positions
2025-01-14,01:30,EUR,M,euro zone CFTC EUR speculative net positions
2025-01-14,02:00,NZD,M,new zealand NZIER Business Confidence  (Q4)
2025-01-14,04:50,JPY,M,japan Adjusted Current Account  (Nov)
2025-01-14,04:50,JPY,M,japan Current Account n.s.a.  (Nov)
2025-01-14,05:30,AUD,M,australia Building Approvals (MoM)  (Nov)
2025-01-14,11:30,INR,M,india WPI Inflation (YoY)  (Dec)
2025-01-14,12:15,CNY,M,china New Loans  (Dec)
2025-01-14,12:35,EUR,M,euro zone ECB's Lane Speaks
2025-01-14,18:30,USD,M,united states Core PPI (MoM)  (Dec)
2025-01-14,18:30,USD,H,united states PPI (MoM)  (Dec)
2025-01-14,22:00,USD,M,united states EIA Short-Term Energy Outlook
2025-01-15,00:00,USD,M,united states Federal Budget Balance  (Dec)
2025-01-15,01:05,USD,M,united states FOMC Member Williams Speaks
2025-01-15,02:30,USD,M,united states API Weekly Crude Oil Stock
2025-01-15,08:15,EUR,M,euro zone ECB's Lane Speaks
2025-01-15,12:00,GBP,H,united kingdom CPI (YoY)  (Dec)
2025-01-15,12:00,GBP,M,united kingdom CPI (MoM)  (Dec)
2025-01-15,12:00,GBP,M,united kingdom CPIH (YoY)
2025-01-15,12:00,GBP,M,united kingdom PPI Input (MoM)  (Dec)
2025-01-15,12:00,SEK,M,sweden CPI (MoM)  (Dec)
2025-01-15,12:00,SEK,M,sweden CPI (YoY)  (Dec)
2025-01-15,12:30,IDR,M,indonesia Interest Rate Decision
2025-01-15,12:45,EUR,M,france French CPI (MoM)  (Dec)
2025-01-15,12:45,EUR,M,france French HICP (MoM)  (Dec)
2025-01-15,13:00,EUR,M,spain Spanish CPI (YoY)  (Dec)
2025-01-15,13:00,EUR,M,spain Spanish HICP (YoY)  (Dec)
2025-01-15,13:00,EUR,M,euro zone ECB's De Guindos Speaks
2025-01-15,14:00,USD,M,united states IEA Monthly Report
2025-01-15,15:00,EUR,M,euro zone Industrial Production (MoM)  (Nov)
2025-01-15,17:00,USD,M,united states OPEC Monthly Report
2025-01-15,17:15,EUR,M,germany German Buba Mauderer Speaks
2025-01-15,18:30,USD,H,united states Core CPI (MoM)  (Dec)
2025-01-15,18:30,USD,M,united states Core CPI (YoY)  (Dec)
2025-01-15,18:30,USD,H,united states CPI (MoM)  (Dec)
2025-01-15,18:30,USD,H,united states CPI (YoY)  (Dec)
2025-01-15,18:30,USD,M,united states NY Empire State Manufacturing Index  (Jan)
2025-01-15,18:30,CAD,M,canada Wholesale Sales (MoM)  (Nov)
2025-01-15,20:00,USD,M,united states FOMC Member Kashkari Speaks
2025-01-15,20:30,USD,H,united states Crude Oil Inventories
2025-01-15,20:30,USD,M,united states Cushing Crude Oil Inventories
2025-01-15,21:00,USD,M,united states FOMC Member Williams Speaks
2025-01-15,21:00,RUB,M,russia CPI (MoM)  (Dec)
2025-01-15,21:00,RUB,M,russia CPI (YoY)  (Dec)
2025-01-16,00:00,USD,M,united states Beige Book
2025-01-16,05:30,AUD,M,australia Employment Change  (Dec)
2025-01-16,05:30,AUD,M,australia Full Employment Change  (Dec)
2025-01-16,05:30,AUD,M,australia Unemployment Rate  (Dec)
2025-01-16,12:00,GBP,H,united kingdom GDP (MoM)  (Nov)
2025-01-16,12:00,GBP,M,united kingdom Industrial Production (MoM)  (Nov)
2025-01-16,12:00,GBP,M,united kingdom Manufacturing Production (MoM)  (Nov)
2025-01-16,12:00,GBP,M,united kingdom Monthly GDP 3M/3M Change  (Nov)
2025-01-16,12:00,GBP,M,united kingdom Trade Balance  (Nov)
2025-01-16,12:00,GBP,M,united kingdom Trade Balance Non-EU  (Nov)
2025-01-16,12:00,EUR,H,germany German CPI (MoM)  (Dec)
2025-01-16,12:00,EUR,M,germany German CPI (YoY)  (Dec)
2025-01-16,14:30,GBP,M,united kingdom BOE Credit Conditions Survey
2025-01-16,15:00,EUR,M,euro zone Trade Balance  (Nov)
2025-01-16,17:00,GBP,M,united kingdom NIESR Monthly GDP Tracker  (Dec)
2025-01-16,17:30,EUR,M,euro zone ECB Publishes Account of Monetary Policy Meeting
2025-01-16,18:00,PLN,M,poland Interest Rate Decision  (Jan)
2025-01-16,18:15,CAD,M,canada Housing Starts  (Dec)
2025-01-16,18:30,USD,M,united states Continuing Jobless Claims
2025-01-16,18:30,USD,H,united states Core Retail Sales (MoM)  (Dec)
2025-01-16,18:30,USD,M,united states Export Price Index (MoM)  (Dec)
2025-01-16,18:30,USD,M,united states Import Price Index (MoM)  (Dec)
2025-01-16,18:30,USD,H,united states Initial Jobless Claims
2025-01-16,18:30,USD,H,united states Philadelphia Fed Manufacturing Index  (Jan)
2025-01-16,18:30,USD,M,united states Philly Fed Employment  (Jan)
2025-01-16,18:30,USD,M,united states Retail Control (MoM)  (Dec)
2025-01-16,18:30,USD,H,united states Retail Sales (MoM)  (Dec)
2025-01-16,20:00,USD,M,united states Business Inventories (MoM)  (Nov)
2025-01-16,20:00,USD,M,united states Retail Inventories Ex Auto  (Nov)
2025-01-16,21:00,USD,M,united states FOMC Member Williams Speaks
2025-01-16,23:00,USD,M,united states Atlanta Fed GDPNow  (Q4)
2025-01-17,02:30,USD,M,united states Fed's Balance Sheet
2025-01-17,02:30,NZD,M,new zealand Business NZ PMI  (Dec)
2025-01-17,07:00,CNY,M,china Fixed Asset Investment (YoY)  (Dec)
2025-01-17,07:00,CNY,M,china GDP (QoQ)  (Q4)
2025-01-17,07:00,CNY,H,china GDP (YoY)  (Q4)
2025-01-17,07:00,CNY,M,china Chinese GDP YTD  (YoY)  (Q4)
2025-01-17,07:00,CNY,M,china Industrial Production (YoY)  (Dec)
2025-01-17,07:00,CNY,M,china Chinese Industrial Production YTD  (YoY)  (Dec)
2025-01-17,07:00,CNY,M,china Chinese Unemployment Rate  (Dec)
2025-01-17,07:00,CNY,M,china NBS Press Conference
2025-01-17,09:00,MYR,M,malaysia GDP (YoY)  (Q4)
2025-01-17,12:00,GBP,M,united kingdom Core Retail Sales (YoY)  (Dec)
2025-01-17,12:00,GBP,M,united kingdom Core Retail Sales (MoM)  (Dec)
2025-01-17,12:00,GBP,M,united kingdom Retail Sales (YoY)  (Dec)
2025-01-17,12:00,GBP,M,united kingdom Retail Sales (MoM)  (Dec)
2025-01-17,15:00,EUR,M,germany German Buba President Nagel Speaks
2025-01-17,15:00,EUR,M,euro zone Core CPI (YoY)  (Dec)
2025-01-17,15:00,EUR,M,euro zone CPI (MoM)  (Dec)
2025-01-17,15:00,EUR,H,euro zone CPI (YoY)  (Dec)
2025-01-17,18:30,USD,M,united states Building Permits  (Dec)
2025-01-17,18:30,USD,M,united states Housing Starts  (Dec)
2025-01-17,18:30,USD,M,united states Housing Starts (MoM)  (Dec)
2025-01-17,18:30,CAD,M,canada Foreign Securities Purchases  (Nov)
2025-01-17,19:15,USD,M,united states Industrial Production (MoM)  (Dec)
2025-01-17,19:15,USD,M,united states Industrial Production (YoY)  (Dec)
2025-01-17,22:00,GBP,M,united kingdom BoE Deputy Governor Woods Speaks
2025-01-17,22:00,GBP,M,united kingdom BoE Gov Bailey Speaks
2025-01-17,22:15,USD,M,united states Atlanta Fed GDPNow  (Q4)
2025-01-17,23:00,USD,M,united states U.S. Baker Hughes Oil Rig Count
2025-01-17,23:00,USD,M,united states U.S. Baker Hughes Total Rig Count
2025-01-18,01:30,GBP,M,united kingdom CFTC GBP speculative net positions
2025-01-18,01:30,USD,M,united states CFTC Crude Oil speculative net positions
2025-01-18,01:30,USD,M,united states CFTC Gold speculative net positions
2025-01-18,01:30,USD,M,united states CFTC Nasdaq 100 speculative net positions
2025-01-18,01:30,USD,M,united states CFTC S&P 500 speculative net positions
2025-01-18,01:30,AUD,M,australia CFTC AUD speculative net positions
2025-01-18,01:30,BRL,M,brazil CFTC BRL speculative net positions
2025-01-18,01:30,JPY,M,japan CFTC JPY speculative net positions
2025-01-18,01:30,RUB,M,russia CFTC RUB speculative positions
2025-01-18,01:30,EUR,M,euro zone CFTC EUR speculative net positions
2025-01-18,02:00,USD,M,united states TIC Net Long-Term Transactions  (Nov)
2025-01-20,06:00,CNY,M,china China Loan Prime Rate 5Y  (Jan)
2025-01-20,06:00,CNY,M,china PBoC Loan Prime Rate  (Jan)
2025-01-20,09:30,JPY,M,japan Industrial Production (MoM)  (Nov)
2025-01-20,12:00,EUR,M,germany German PPI (MoM)  (Dec)
2025-01-20,12:30,CHF,M,switzerland PPI (MoM)  (Dec)
2025-01-20,13:00,CHF,M,switzerland World Economic Forum Annual Meetings
2025-01-20,15:00,EUR,M,euro zone Eurogroup Meetings
2025-01-20,16:00,CAD,M,canada BoC Business Outlook Survey
2025-01-20,20:30,CAD,M,canada BoC Business Outlook Survey
2025-01-20,22:00,USD,H,united states U.S. President Trump Speaks
2025-01-21,02:45,NZD,M,new zealand Electronic Card Retail Sales (MoM)  (Dec)
2025-01-21,12:00,GBP,M,united kingdom Average Earnings Index +Bonus  (Nov)
2025-01-21,12:00,GBP,M,united kingdom Claimant Count Change  (Dec)
2025-01-21,12:00,GBP,M,united kingdom Employment Change 3M/3M (MoM)  (Nov)
2025-01-21,12:00,GBP,M,united kingdom Unemployment Rate  (Nov)
2025-01-21,13:00,CHF,M,switzerland World Economic Forum Annual Meetings
2025-01-21,15:00,EUR,M,germany German ZEW Current Conditions  (Jan)
2025-01-21,15:00,EUR,M,germany German ZEW Economic Sentiment  (Jan)
2025-01-21,15:00,EUR,M,euro zone Eurogroup Meetings
2025-01-21,15:00,EUR,M,euro zone ZEW Economic Sentiment  (Jan)
2025-01-21,18:30,CAD,M,canada Core CPI (YoY)  (Dec)
2025-01-21,18:30,CAD,M,canada Core CPI (MoM)  (Dec)
2025-01-21,18:30,CAD,M,canada CPI (MoM)  (Dec)
2025-01-22,02:45,NZD,M,new zealand CPI (QoQ)  (Q4)
2025-01-22,02:45,NZD,M,new zealand CPI (YoY)  (Q4)
2025-01-22,09:00,MYR,M,malaysia CPI (YoY)  (Dec)
2025-01-22,12:00,MYR,M,malaysia Interest Rate
2025-01-22,13:00,CHF,M,switzerland World Economic Forum Annual Meetings
2025-01-22,18:30,CAD,M,canada RMPI (MoM)  (Dec)
2025-01-22,20:00,USD,M,united states US Leading Index (MoM)  (Dec)
2025-01-22,20:15,EUR,M,euro zone ECB President Lagarde Speaks
2025-01-22,23:00,USD,M,united states 20-Year Bond Auction
2025-01-22,23:30,EUR,M,germany German Buba President Nagel Speaks
2025-01-23,02:30,USD,M,united states API Weekly Crude Oil Stock
2025-01-23,04:50,JPY,M,japan Adjusted Trade Balance
2025-01-23,04:50,JPY,M,japan Exports (YoY)  (Dec)
2025-01-23,04:50,JPY,M,japan Trade Balance  (Dec)
2025-01-23,10:00,SGD,M,singapore Core CPI (YoY)  (Dec)
2025-01-23,10:00,SGD,M,singapore CPI (YoY)  (Dec)
2025-01-23,13:00,CHF,M,switzerland World Economic Forum Annual Meetings
2025-01-23,14:00,NOK,M,norway Interest Rate Decision
2025-01-23,16:00,TRY,M,türkiye One-Week Repo Rate  (Jan)
2025-01-23,18:30,USD,M,united states Continuing Jobless Claims
2025-01-23,18:30,USD,H,united states Initial Jobless Claims
2025-01-23,18:30,CAD,M,canada Core Retail Sales (MoM)  (Nov)
2025-01-23,18:30,CAD,M,canada Retail Sales (MoM)  (Nov)
2025-01-23,18:31,CAD,M,canada Retail Sales (MoM)  (Dec)
2025-01-23,21:00,USD,H,united states U.S. President Trump Speaks
2025-01-23,22:00,USD,H,united states Crude Oil Inventories
2025-01-23,22:00,USD,M,united states Cushing Crude Oil Inventories
2025-01-23,23:00,USD,M,united states 10-Year TIPS Auction
2025-01-24,02:30,USD,M,united states Fed's Balance Sheet
2025-01-24,04:30,JPY,M,japan National Core CPI (YoY)  (Dec)
2025-01-24,04:30,JPY,M,japan National CPI (MoM)  (Dec)
2025-01-24,07:30,JPY,M,japan BoJ Monetary Policy Statement
2025-01-24,08:00,JPY,M,japan BoJ Outlook Report (YoY)
2025-01-24,08:20,JPY,H,japan BoJ Interest Rate Decision
2025-01-24,11:30,JPY,M,japan BoJ Press Conference
2025-01-24,13:00,CHF,M,switzerland World Economic Forum Annual Meetings
2025-01-24,15:00,EUR,M,euro zone ECB President Lagarde Speaks
2025-01-24,18:30,CAD,M,canada New Housing Price Index (MoM)  (Dec)
2025-01-24,20:00,USD,M,united states Existing Home Sales (MoM)  (Dec)
2025-01-24,20:00,USD,H,united states Existing Home Sales  (Dec)
2025-01-24,20:00,USD,M,united states Michigan 1-Year Inflation Expectations  (Jan)
2025-01-24,20:00,USD,M,united states Michigan 5-Year Inflation Expectations  (Jan)
2025-01-24,20:00,USD,M,united states Michigan Consumer Expectations  (Jan)
2025-01-24,20:00,USD,M,united states Michigan Consumer Sentiment  (Jan)
2025-01-24,23:00,USD,M,united states U.S. Baker Hughes Oil Rig Count
2025-01-24,23:00,USD,M,united states U.S. Baker Hughes Total Rig Count
2025-01-25,01:30,GBP,M,united kingdom CFTC GBP speculative net positions
2025-01-25,01:30,USD,M,united states CFTC Crude Oil speculative net positions
2025-01-25,01:30,USD,M,united states CFTC Gold speculative net positions
2025-01-25,01:30,USD,M,united states CFTC Nasdaq 100 speculative net positions
2025-01-25,01:30,USD,M,united states CFTC S&P 500 speculative net positions
2025-01-25,01:30,AUD,M,australia CFTC AUD speculative net positions
2025-01-25,01:30,BRL,M,brazil CFTC BRL speculative net positions
2025-01-25,01:30,JPY,M,japan CFTC JPY speculative net positions
2025-01-25,01:30,RUB,M,russia CFTC RUB speculative positions
2025-01-25,01:30,EUR,M,euro zone CFTC EUR speculative net positions
2025-01-27,06:30,CNY,M,china Chinese Composite PMI  (Jan)
2025-01-27,06:30,CNY,H,china Manufacturing PMI  (Jan)
2025-01-27,06:30,CNY,M,china Non-Manufacturing PMI  (Jan)
2025-01-27,13:10,EUR,M,euro zone ECB President Lagarde Speaks
2025-01-27,14:00,EUR,M,germany German Business Expectations  (Jan)
2025-01-27,14:00,EUR,M,germany German Current Assessment  (Jan)
2025-01-27,14:00,EUR,M,germany German Ifo Business Climate Index  (Jan)
2025-01-27,16:00,EUR,M,france France Jobseekers Total  (Dec)
2025-01-27,17:30,USD,M,united states Building Permits  (Dec)
2025-01-27,18:30,CAD,M,canada Wholesale Sales (MoM)  (Dec)
2025-01-27,20:00,USD,H,united states New Home Sales  (Dec)
2025-01-27,20:00,USD,M,united states New Home Sales (MoM)  (Dec)
2025-01-27,20:35,EUR,M,euro zone ECB President Lagarde Speaks
2025-01-27,21:30,USD,M,united states 2-Year Note Auction
2025-01-27,23:00,USD,M,united states 5-Year Note Auction
2025-01-28,05:30,AUD,M,australia NAB Business Confidence  (Dec)
2025-01-28,10:00,JPY,M,japan BoJ Core CPI (YoY)
2025-01-28,18:30,USD,M,united states Core Durable Goods Orders (MoM)  (Dec)
2025-01-28,18:30,USD,H,united states Durable Goods Orders (MoM)  (Dec)
2025-01-28,19:00,USD,M,united states S&P/CS HPI Composite - 20 n.s.a. (MoM)  (Nov)
2025-01-28,19:00,USD,M,united states S&P/CS HPI Composite - 20 n.s.a. (YoY)  (Nov)
2025-01-28,20:00,USD,H,united states CB Consumer Confidence  (Jan)
2025-01-28,21:30,USD,M,united states Atlanta Fed GDPNow  (Q4)
2025-01-28,22:00,EUR,M,euro zone ECB President Lagarde Speaks
2025-01-28,23:00,USD,M,united states 7-Year Note Auction
2025-01-29,02:30,USD,M,united states API Weekly Crude Oil Stock
2025-01-29,04:50,JPY,M,japan Monetary Policy Meeting Minutes
2025-01-29,05:30,AUD,M,australia CPI (YoY)  (Q4)
2025-01-29,05:30,AUD,M,australia CPI (QoQ)  (Q4)
2025-01-29,05:30,AUD,M,australia Trimmed Mean CPI (QoQ)  (Q4)
2025-01-29,12:00,SEK,M,sweden GDP (QoQ)  (Q4)
2025-01-29,12:00,SEK,M,sweden GDP (YoY)  (Q4)
2025-01-29,12:00,EUR,M,germany GfK German Consumer Climate  (Feb)
2025-01-29,13:00,EUR,M,spain Spanish GDP (QoQ)  (Q4)
2025-01-29,13:30,SEK,M,sweden Interest Rate Decision
2025-01-29,15:40,EUR,M,germany German 10-Year Bund Auction
2025-01-29,16:00,CAD,M,canada BoC Monetary Policy Report
2025-01-29,16:00,CAD,M,canada BoC Rate Statement
2025-01-29,18:30,USD,M,united states Goods Trade Balance  (Dec)
2025-01-29,18:30,USD,M,united states Retail Inventories Ex Auto  (Dec)
2025-01-29,19:15,GBP,M,united kingdom BoE Gov Bailey Speaks
2025-01-29,19:45,CAD,M,canada BoC Monetary Policy Report
2025-01-29,19:45,CAD,M,canada BoC Rate Statement
2025-01-29,19:45,CAD,H,canada BoC Interest Rate Decision
2025-01-29,20:30,USD,M,united states Atlanta Fed GDPNow  (Q4)
2025-01-29,20:30,USD,H,united states Crude Oil Inventories
2025-01-29,20:30,USD,M,united states Cushing Crude Oil Inventories
2025-01-29,20:30,CAD,M,canada BOC Press Conference
2025-01-30,00:00,USD,H,united states FOMC Statement
2025-01-30,00:00,USD,H,united states Fed Interest Rate Decision
2025-01-30,00:30,USD,H,united states FOMC Press Conference
2025-01-30,02:30,BRL,M,brazil Interest Rate Decision
2025-01-30,11:30,EUR,M,france French Consumer Spending (MoM)  (Dec)
2025-01-30,11:30,EUR,M,france French GDP (YoY)  (Q4)
2025-01-30,11:30,EUR,M,france French GDP (QoQ)  (Q4)
2025-01-30,12:30,HUF,M,hungary GDP (YoY)  (Q4)
2025-01-30,13:00,CHF,M,switzerland KOF Leading Indicators  (Jan)
2025-01-30,13:00,EUR,M,spain Spanish CPI (YoY)  (Jan)
2025-01-30,13:00,EUR,M,spain Spanish HICP (YoY)  (Jan)
2025-01-30,14:00,EUR,H,germany German GDP (QoQ)  (Q4)
2025-01-30,14:00,EUR,M,germany German GDP (YoY)  (Q4)
2025-01-30,15:00,EUR,M,euro zone GDP (YoY)  (Q4)
2025-01-30,15:00,EUR,M,euro zone GDP (QoQ)  (Q4)
2025-01-30,15:00,EUR,M,euro zone Unemployment Rate  (Dec)
2025-01-30,15:30,EUR,M,italy Italian 10-Year BTP Auction
2025-01-30,16:30,EUR,M,germany German Buba President Nagel Speaks
2025-01-30,17:00,MXN,M,mexico GDP (YoY)  (Q4)
2025-01-30,17:00,MXN,M,mexico GDP (QoQ)  (Q4)
2025-01-30,18:00,ZAR,M,south africa Interest Rate Decision  (Jan)
2025-01-30,18:15,EUR,H,euro zone Deposit Facility Rate  (Jan)
2025-01-30,18:15,EUR,M,euro zone ECB Marginal Lending Facility
2025-01-30,18:15,EUR,M,euro zone ECB Monetary Policy Statement
2025-01-30,18:15,EUR,H,euro zone ECB Interest Rate Decision  (Jan)
2025-01-30,18:30,USD,M,united states Continuing Jobless Claims
2025-01-30,18:30,USD,M,united states Core PCE Prices  (Q4)
2025-01-30,18:30,USD,H,united states GDP (QoQ)  (Q4)
2025-01-30,18:30,USD,M,united states GDP Price Index (QoQ)  (Q4)
2025-01-30,18:30,USD,H,united states Initial Jobless Claims
2025-01-30,18:45,EUR,H,euro zone ECB Press Conference
2025-01-30,20:00,USD,M,united states Pending Home Sales (MoM)  (Dec)
2025-01-30,20:15,EUR,M,euro zone ECB President Lagarde Speaks
2025-01-31,02:30,USD,M,united states Fed's Balance Sheet
2025-01-31,04:30,JPY,M,japan Tokyo Core CPI (YoY)  (Jan)
2025-01-31,04:50,JPY,M,japan Industrial Production (MoM)  (Dec)
2025-01-31,05:30,AUD,M,australia PPI (QoQ)  (Q4)
2025-01-31,05:30,AUD,M,australia PPI (YoY)  (Q4)
2025-01-31,12:00,GBP,M,united kingdom Nationwide HPI (MoM)  (Jan)
2025-01-31,12:00,GBP,M,united kingdom Nationwide HPI (YoY)  (Jan)
2025-01-31,12:00,EUR,M,germany German Retail Sales (MoM)  (Dec)
2025-01-31,12:45,EUR,M,france French CPI (MoM)  (Jan)
2025-01-31,12:45,EUR,M,france French HICP (MoM)  (Jan)
2025-01-31,13:55,EUR,M,germany German Unemployment Change  (Jan)
2025-01-31,13:55,EUR,M,germany German Unemployment Rate  (Jan)
2025-01-31,16:30,BRL,M,brazil Gross Debt-to-GDP ratio (MoM)  (Dec)
2025-01-31,17:00,BRL,M,brazil Unemployment Rate  (Dec)
2025-01-31,18:00,EUR,M,germany German CPI (YoY)  (Jan)
2025-01-31,18:00,EUR,H,germany German CPI (MoM)  (Jan)
2025-01-31,18:30,USD,H,united states Core PCE Price Index (YoY)  (Dec)
2025-01-31,18:30,USD,H,united states Core PCE Price Index (MoM)  (Dec)
2025-01-31,18:30,USD,M,united states Employment Cost Index (QoQ)  (Q4)
2025-01-31,18:30,USD,M,united states FOMC Member Bowman Speaks
2025-01-31,18:30,USD,M,united states PCE Price index (YoY)  (Dec)
2025-01-31,18:30,USD,M,united states PCE price index (MoM)  (Dec)
2025-01-31,18:30,USD,M,united states Personal Spending (MoM)  (Dec)
2025-01-31,18:30,CAD,M,canada GDP (MoM)  (Nov)
2025-01-31,18:31,CAD,M,canada GDP (MoM)  (Dec)
2025-01-31,19:45,USD,H,united states Chicago PMI  (Jan)
2025-01-31,20:30,USD,M,united states Atlanta Fed GDPNow  (Q1)
2025-01-31,23:00,USD,M,united states U.S. Baker Hughes Oil Rig Count
2025-01-31,23:00,USD,M,united states U.S. Baker Hughes Total Rig Count
2025-02-01,01:30,GBP,M,united kingdom CFTC GBP speculative net positions
2025-02-01,01:30,USD,M,united states CFTC Crude Oil speculative net positions
2025-02-01,01:30,USD,M,united states CFTC Gold speculative net positions
2025-02-01,01:30,USD,M,united states CFTC Nasdaq 100 speculative net positions
2025-02-01,01:30,USD,M,united states CFTC S&P 500 speculative net positions
2025-02-01,01:30,AUD,M,australia CFTC AUD speculative net positions
2025-02-01,01:30,BRL,M,brazil CFTC BRL speculative net positions
2025-02-01,01:30,JPY,M,japan CFTC JPY speculative net positions
2025-02-01,01:30,RUB,M,russia CFTC RUB speculative positions
2025-02-01,01:30,EUR,M,euro zone CFTC EUR speculative net positions
2025-02-01,11:00,INR,M,india Indian Union Budget
2025-02-03,05:30,AUD,M,australia Building Approvals (MoM)  (Dec)
2025-02-03,05:30,AUD,M,australia Retail Sales (MoM)  (Dec)
2025-02-03,12:00,TRY,M,türkiye CPI (MoM)  (Jan)
2025-02-03,12:00,TRY,M,türkiye CPI (YoY)  (Jan)
2025-02-03,13:30,CHF,M,switzerland procure.ch Manufacturing PMI  (Jan)
2025-02-03,15:00,USD,M,united states OPEC Meeting
2025-02-03,15:00,EUR,M,euro zone Core CPI (YoY)  (Jan)
2025-02-03,15:00,EUR,H,euro zone CPI (YoY)  (Jan)
2025-02-03,15:00,EUR,M,euro zone CPI (MoM)  (Jan)
2025-02-03,20:00,USD,M,united states Construction Spending (MoM)  (Dec)
2025-02-03,20:00,USD,M,united states ISM Manufacturing Employment  (Jan)
2025-02-03,20:00,USD,H,united states ISM Manufacturing PMI  (Jan)
2025-02-03,20:00,USD,H,united states ISM Manufacturing Prices  (Jan)
2025-02-03,22:00,USD,M,united states Atlanta Fed GDPNow  (Q1)
2025-02-03,22:30,USD,M,united states FOMC Member Bostic Speaks
2025-02-04,08:35,JPY,M,japan 10-Year JGB Auction
2025-02-04,13:00,EUR,M,spain Spanish Unemployment Change  (Jan)
2025-02-04,13:00,BRL,M,brazil IPC-Fipe Inflation Index (MoM)  (Jan)
2025-02-04,20:00,USD,M,united states Factory Orders (MoM)  (Dec)
2025-02-04,20:00,USD,H,united states JOLTS Job Openings  (Dec)
2025-02-04,21:00,USD,M,united states FOMC Member Bostic Speaks
2025-02-04,23:15,USD,M,united states FOMC Member Daly Speaks
2025-02-05,02:30,USD,M,united states API Weekly Crude Oil Stock
2025-02-05,17:00,BRL,M,brazil Industrial Production (YoY)  (Dec)
2025-02-05,17:30,PLN,M,poland Interest Rate Decision  (Feb)
2025-02-05,17:40,EUR,M,germany German Buba Balz Speaks
2025-02-05,18:15,USD,H,united states ADP Nonfarm Employment Change  (Jan)
2025-02-05,18:30,USD,M,united states Exports  (Dec)
2025-02-05,18:30,USD,M,united states Imports  (Dec)
2025-02-05,18:30,USD,M,united states Trade Balance  (Dec)
2025-02-05,18:30,CAD,M,canada Trade Balance  (Dec)
2025-02-05,19:00,EUR,M,euro zone ECB's Lane Speaks
2025-02-05,20:00,USD,M,united states ISM Non-Manufacturing Employment  (Jan)
2025-02-05,20:00,USD,H,united states ISM Non-Manufacturing PMI  (Jan)
2025-02-05,20:00,USD,H,united states ISM Non-Manufacturing Prices  (Jan)
2025-02-05,20:30,USD,H,united states Crude Oil Inventories
2025-02-05,20:30,USD,M,united states Cushing Crude Oil Inventories
2025-02-05,22:30,USD,M,united states Atlanta Fed GDPNow  (Q1)
2025-02-06,01:00,USD,M,united states FOMC Member Bowman Speaks
2025-02-06,05:30,AUD,M,australia Trade Balance  (Dec)
2025-02-06,12:00,SEK,M,sweden CPI (YoY)  (Jan)
2025-02-06,12:00,SEK,M,sweden CPI (MoM)  (Jan)
2025-02-06,12:00,EUR,M,germany German Factory Orders (MoM)  (Dec)
2025-02-06,17:00,GBP,M,united kingdom BoE MPC vote cut  (Feb)
2025-02-06,17:00,GBP,M,united kingdom BoE MPC vote hike  (Feb)
2025-02-06,17:00,GBP,M,united kingdom BoE MPC vote unchanged  (Feb)
2025-02-06,17:00,GBP,H,united kingdom BoE Interest Rate Decision  (Feb)
2025-02-06,17:00,GBP,M,united kingdom BoE MPC Meeting Minutes
2025-02-06,18:30,USD,M,united states Continuing Jobless Claims
2025-02-06,18:30,USD,H,united states Initial Jobless Claims
2025-02-06,18:30,USD,M,united states Nonfarm Productivity (QoQ)  (Q4)
2025-02-06,18:30,USD,M,united states Unit Labor Costs (QoQ)  (Q4)
2025-02-06,19:15,GBP,M,united kingdom BoE Gov Bailey Speaks
2025-02-06,20:00,CAD,M,canada Ivey PMI  (Jan)
2025-02-06,21:15,EUR,M,germany German Buba President Nagel Speaks
2025-02-06,22:00,EUR,M,germany German Buba Balz Speaks
2025-02-07,00:00,MXN,M,mexico Interest Rate Decision  (Jan)
2025-02-07,00:30,USD,M,united states Fed Waller Speaks
2025-02-07,01:30,USD,M,united states FOMC Member Daly Speaks
2025-02-07,02:05,GBP,M,united kingdom BoE Gov Bailey Speaks
2025-02-07,02:30,USD,M,united states Fed's Balance Sheet
2025-02-07,03:00,CAD,M,canada BoC Gov Macklem Speaks
2025-02-07,04:30,JPY,M,japan Household Spending (YoY)  (Dec)
2025-02-07,04:30,JPY,M,japan Household Spending (MoM)  (Dec)
2025-02-07,09:30,INR,M,india Interest Rate Decision
2025-02-07,12:00,GBP,M,united kingdom Halifax House Price Index (YoY)  (Jan)
2025-02-07,12:00,GBP,M,united kingdom Halifax House Price Index (MoM)  (Jan)
2025-02-07,12:00,EUR,M,germany German Industrial Production (MoM)  (Dec)
2025-02-07,12:00,EUR,M,germany German Trade Balance  (Dec)
2025-02-07,13:00,CHF,M,switzerland SECO Consumer Climate  (Q1)
2025-02-07,13:45,EUR,M,euro zone ECB's De Guindos Speaks
2025-02-07,14:30,GBP,M,united kingdom Mortgage Rate (GBP)  (Jan)
2025-02-07,17:00,MXN,M,mexico CPI (MoM)  (Jan)
2025-02-07,17:00,MXN,M,mexico CPI (YoY)  (Jan)
2025-02-07,17:15,GBP,M,united kingdom BoE MPC Member Pill Speaks
2025-02-07,18:30,USD,M,united states Average Hourly Earnings (YoY) (YoY)  (Jan)
2025-02-07,18:30,USD,H,united states Average Hourly Earnings (MoM)  (Jan)
2025-02-07,18:30,USD,H,united states Nonfarm Payrolls  (Jan)
2025-02-07,18:30,USD,M,united states Participation Rate  (Jan)
2025-02-07,18:30,USD,M,"united states Payrolls Benchmark, n.s.a."
2025-02-07,18:30,USD,M,united states Private Nonfarm Payrolls  (Jan)
2025-02-07,18:30,USD,M,united states U6 Unemployment Rate  (Jan)
2025-02-07,18:30,USD,H,united states Unemployment Rate  (Jan)
2025-02-07,18:30,CAD,M,canada Employment Change  (Jan)
2025-02-07,18:30,CAD,M,canada Unemployment Rate  (Jan)
2025-02-07,19:25,USD,M,united states FOMC Member Bowman Speaks
2025-02-07,20:00,USD,H,united states Fed Monetary Policy Report
2025-02-07,20:00,USD,M,united states Michigan 1-Year Inflation Expectations  (Feb)
2025-02-07,20:00,USD,M,united states Michigan 5-Year Inflation Expectations  (Feb)
2025-02-07,20:00,USD,M,united states Michigan Consumer Expectations  (Feb)
2025-02-07,20:00,USD,M,united states Michigan Consumer Sentiment  (Feb)
2025-02-07,21:00,RUB,M,russia Retail Sales (YoY)  (Dec)
2025-02-07,21:00,RUB,M,russia Unemployment Rate  (Dec)
2025-02-07,21:15,RUB,M,russia GDP Monthly (YoY)  (Dec)
2025-02-07,22:00,USD,M,united states Atlanta Fed GDPNow  (Q1)
2025-02-07,23:00,USD,M,united states U.S. Baker Hughes Oil Rig Count
2025-02-07,23:00,USD,M,united states U.S. Baker Hughes Total Rig Count
2025-02-08,01:00,USD,M,united states Consumer Credit  (Dec)
2025-02-08,01:30,GBP,M,united kingdom CFTC GBP speculative net positions
2025-02-08,01:30,USD,M,united states CFTC Crude Oil speculative net positions
2025-02-08,01:30,USD,M,united states CFTC Gold speculative net positions
2025-02-08,01:30,USD,M,united states CFTC Nasdaq 100 speculative net positions
2025-02-08,01:30,USD,M,united states CFTC S&P 500 speculative net positions
2025-02-08,01:30,AUD,M,australia CFTC AUD speculative net positions
2025-02-08,01:30,BRL,M,brazil CFTC BRL speculative net positions
2025-02-08,01:30,JPY,M,japan CFTC JPY speculative net positions
2025-02-08,01:30,RUB,M,russia CFTC RUB speculative positions
2025-02-08,01:30,EUR,M,euro zone CFTC EUR speculative net positions
2025-02-09,06:30,CNY,M,china CPI (MoM)  (Jan)
2025-02-09,06:30,CNY,M,china CPI (YoY)  (Jan)
2025-02-09,06:30,CNY,M,china PPI (YoY)  (Jan)
2025-02-10,04:50,JPY,M,japan Adjusted Current Account  (Dec)
2025-02-10,04:50,JPY,M,japan Current Account n.s.a.  (Dec)
2025-02-10,05:30,AUD,M,australia Building Approvals (MoM)  (Dec)
2025-02-10,19:00,EUR,M,euro zone ECB President Lagarde Speaks
2025-02-10,21:00,USD,M,united states NY Fed 1-Year Consumer Inflation Expectations  (Jan)
2025-02-10,21:00,EUR,M,germany German Buba Balz Speaks
2025-02-11,05:01,GBP,M,united kingdom BRC Retail Sales Monitor (YoY)  (Jan)
2025-02-11,05:30,AUD,M,australia NAB Business Confidence  (Jan)
2025-02-11,12:00,TRY,M,türkiye Turkish Retail Sales (MoM)  (Dec)
2025-02-11,12:00,TRY,M,türkiye Turkish Retail Sales (YoY)  (Dec)
2025-02-11,13:45,GBP,M,united kingdom BoE MPC Member Mann Speaks
2025-02-11,17:00,BRL,M,brazil CPI (YoY)  (Jan)
2025-02-11,17:15,GBP,M,united kingdom BoE Gov Bailey Speaks
2025-02-11,18:30,CAD,M,canada Building Permits (MoM)  (Dec)
2025-02-11,20:00,USD,H,united states Fed Chair Powell Testifies
2025-02-11,22:00,USD,M,united states EIA Short-Term Energy Outlook
2025-02-11,22:00,USD,M,united states WASDE Report
2025-02-11,22:00,EUR,M,euro zone ECB's Schnabel Speaks
2025-02-11,23:00,USD,M,united states 3-Year Note Auction
2025-02-12,01:30,USD,M,united states FOMC Member Bowman Speaks
2025-02-12,01:30,USD,M,united states FOMC Member Williams Speaks
2025-02-12,02:30,USD,M,united states API Weekly Crude Oil Stock
2025-02-12,05:30,AUD,M,australia Home Loans (MoM)
2025-02-12,15:00,EUR,M,euro zone ECB's Elderson Speaks
2025-02-12,15:30,INR,M,india CPI (YoY)  (Jan)
2025-02-12,16:00,EUR,M,germany German Buba Mauderer Speaks
2025-02-12,17:00,USD,M,united states OPEC Monthly Report
2025-02-12,18:30,USD,M,united states Core CPI (YoY)  (Jan)
2025-02-12,18:30,USD,H,united states Core CPI (MoM)  (Jan)
2025-02-12,18:30,USD,H,united states CPI (MoM)  (Jan)
2025-02-12,18:30,USD,H,united states CPI (YoY)  (Jan)
2025-02-12,20:00,USD,H,united states Fed Chair Powell Testifies
2025-02-12,20:30,USD,H,united states Crude Oil Inventories
2025-02-12,20:30,USD,M,united states Cushing Crude Oil Inventories
2025-02-12,22:00,USD,M,united states FOMC Member Bostic Speaks
2025-02-12,22:00,EUR,M,germany German Buba President Nagel Speaks
2025-02-12,23:00,USD,H,united states 10-Year Note Auction
2025-02-13,00:00,USD,M,united states Federal Budget Balance  (Jan)
2025-02-13,02:45,NZD,M,new zealand Electronic Card Retail Sales (MoM)  (Jan)
2025-02-13,03:05,USD,M,united states Fed Waller Speaks
2025-02-13,07:30,NZD,M,new zealand Inflation Expectations (QoQ)  (Q1)
2025-02-13,12:00,GBP,M,united kingdom Business Investment (QoQ)  (Q4)
2025-02-13,12:00,GBP,H,united kingdom GDP (YoY)  (Q4)
2025-02-13,12:00,GBP,H,united kingdom GDP (MoM)  (Dec)
2025-02-13,12:00,GBP,H,united kingdom GDP (QoQ)  (Q4)
2025-02-13,12:00,GBP,M,united kingdom Industrial Production (MoM)  (Dec)
2025-02-13,12:00,GBP,M,united kingdom Manufacturing Production (MoM)  (Dec)
2025-02-13,12:00,GBP,M,united kingdom Monthly GDP 3M/3M Change  (Dec)
2025-02-13,12:00,GBP,M,united kingdom Trade Balance  (Dec)
2025-02-13,12:00,GBP,M,united kingdom Trade Balance Non-EU  (Dec)
2025-02-13,12:00,EUR,H,germany German CPI (MoM)  (Jan)
2025-02-13,12:00,EUR,M,germany German CPI (YoY)  (Jan)
2025-02-13,12:30,CHF,M,switzerland CPI (MoM)  (Jan)
2025-02-13,13:55,EUR,M,germany German Buba Balz Speaks
2025-02-13,14:00,USD,M,united states IEA Monthly Report
2025-02-13,14:00,PLN,M,poland GDP (QoQ)  (Q4)
2025-02-13,14:00,PLN,M,poland GDP (YoY)  (Q4)
2025-02-13,14:00,EUR,M,euro zone ECB Economic Bulletin
2025-02-13,15:00,EUR,M,euro zone EU Economic Forecasts
2025-02-13,15:00,EUR,M,euro zone Industrial Production (MoM)  (Dec)
2025-02-13,17:00,BRL,M,brazil Retail Sales (MoM)  (Dec)
2025-02-13,17:00,BRL,M,brazil Retail Sales (YoY)  (Dec)
2025-02-13,17:45,GBP,M,united kingdom NIESR Monthly GDP Tracker  (Jan)
2025-02-13,18:30,USD,M,united states Continuing Jobless Claims
2025-02-13,18:30,USD,M,united states Core PPI (MoM)  (Jan)
2025-02-13,18:30,USD,H,united states Initial Jobless Claims
2025-02-13,18:30,USD,H,united states PPI (MoM)  (Jan)
2025-02-13,22:00,EUR,M,germany German Buba President Nagel Speaks
2025-02-13,23:00,USD,H,united states 30-Year Bond Auction
2025-02-14,02:30,USD,M,united states Fed's Balance Sheet
2025-02-14,02:30,NZD,M,new zealand Business NZ PMI  (Jan)
2025-02-14,09:00,MYR,M,malaysia GDP (YoY)  (Q4)
2025-02-14,11:30,INR,M,india WPI Inflation (YoY)  (Jan)
2025-02-14,12:30,CHF,M,switzerland PPI (MoM)  (Jan)
2025-02-14,13:00,EUR,M,spain Spanish CPI (YoY)  (Jan)
2025-02-14,13:00,EUR,M,spain Spanish HICP (YoY)  (Jan)
2025-02-14,14:00,CNY,M,china New Loans  (Jan)
2025-02-14,15:00,EUR,M,euro zone GDP (QoQ)  (Q4)
2025-02-14,15:00,EUR,M,euro zone GDP (YoY)  (Q4)
2025-02-14,15:30,RUB,M,russia Interest Rate Decision  (Feb)
2025-02-14,17:00,RUB,M,russia CBR Press Conference
2025-02-14,18:30,USD,H,united states Core Retail Sales (MoM)  (Jan)
2025-02-14,18:30,USD,M,united states Export Price Index (MoM)  (Jan)
2025-02-14,18:30,USD,M,united states Import Price Index (MoM)  (Jan)
2025-02-14,18:30,USD,M,united states Retail Control (MoM)  (Jan)
2025-02-14,18:30,USD,H,united states Retail Sales (MoM)  (Jan)
2025-02-14,18:30,CAD,M,canada Wholesale Sales (MoM)  (Dec)
2025-02-14,19:15,USD,M,united states Industrial Production (YoY)  (Jan)
2025-02-14,19:15,USD,M,united states Industrial Production (MoM)  (Jan)
2025-02-14,20:00,USD,M,united states Business Inventories (MoM)  (Dec)
2025-02-14,20:00,USD,M,united states Retail Inventories Ex Auto  (Dec)
2025-02-14,21:00,RUB,M,russia CPI (MoM)  (Jan)
2025-02-14,21:00,RUB,M,russia CPI (YoY)  (Jan)
2025-02-14,23:00,USD,M,united states Atlanta Fed GDPNow  (Q1)
2025-02-14,23:00,USD,M,united states U.S. Baker Hughes Oil Rig Count
2025-02-14,23:00,USD,M,united states U.S. Baker Hughes Total Rig Count
2025-02-15,01:30,GBP,M,united kingdom CFTC GBP speculative net positions
2025-02-15,01:30,USD,M,united states CFTC Crude Oil speculative net positions
2025-02-15,01:30,USD,M,united states CFTC Gold speculative net positions
2025-02-15,01:30,USD,M,united states CFTC Nasdaq 100 speculative net positions
2025-02-15,01:30,USD,M,united states CFTC S&P 500 speculative net positions
2025-02-15,01:30,AUD,M,australia CFTC AUD speculative net positions
2025-02-15,01:30,BRL,M,brazil CFTC BRL speculative net positions
2025-02-15,01:30,JPY,M,japan CFTC JPY speculative net positions
2025-02-15,01:30,RUB,M,russia CFTC RUB speculative positions
2025-02-15,01:30,EUR,M,euro zone CFTC EUR speculative net positions
2025-02-17,04:50,JPY,M,japan GDP (YoY)  (Q4)
2025-02-17,04:50,JPY,H,japan GDP (QoQ)  (Q4)
2025-02-17,04:50,JPY,M,japan GDP Annualized (QoQ)  (Q4)
2025-02-17,04:50,JPY,M,japan GDP Price Index (YoY)  (Q4)
2025-02-17,07:30,THB,M,thailand GDP (YoY)  (Q4)
2025-02-17,09:30,JPY,M,japan Industrial Production (MoM)  (Dec)
2025-02-17,15:00,EUR,M,euro zone Eurogroup Meetings
2025-02-17,15:00,EUR,M,euro zone Trade Balance  (Dec)
2025-02-17,16:00,EUR,M,germany German Buba President Nagel Speaks
2025-02-17,18:15,CAD,M,canada Housing Starts  (Jan)
2025-02-17,18:30,CAD,M,canada Foreign Securities Purchases  (Dec)
2025-02-17,19:30,USD,M,united states FOMC Member Harker Speaks
2025-02-17,20:20,USD,M,united states FOMC Member Bowman Speaks
2025-02-18,04:00,USD,M,united states Fed Waller Speaks
2025-02-18,08:30,AUD,H,australia RBA Interest Rate Decision  (Feb)
2025-02-18,08:30,AUD,M,australia RBA Monetary Policy Statement
2025-02-18,08:30,AUD,M,australia RBA Rate Statement
2025-02-18,12:00,GBP,M,united kingdom Average Earnings Index +Bonus  (Dec)
2025-02-18,12:00,GBP,M,united kingdom Claimant Count Change  (Jan)
2025-02-18,12:00,GBP,M,united kingdom Employment Change 3M/3M (MoM)  (Dec)
2025-02-18,12:00,GBP,M,united kingdom Unemployment Rate  (Dec)
2025-02-18,12:00,SEK,M,sweden CPI (MoM)  (Jan)
2025-02-18,12:00,SEK,M,sweden CPI (YoY)  (Jan)
2025-02-18,12:45,EUR,M,france French CPI (MoM)  (Jan)
2025-02-18,12:45,EUR,M,france French HICP (MoM)  (Jan)
2025-02-18,14:30,GBP,M,united kingdom BoE Gov Bailey Speaks
2025-02-18,14:30,GBP,M,united kingdom Labour Productivity  (Q4)
2025-02-18,14:30,GBP,M,united kingdom Labour Productivity  (Q3)
2025-02-18,15:00,EUR,M,germany German ZEW Current Conditions  (Feb)
2025-02-18,15:00,EUR,M,germany German ZEW Economic Sentiment  (Feb)
2025-02-18,15:00,EUR,M,euro zone Eurogroup Meetings
2025-02-18,15:00,EUR,M,euro zone ZEW Economic Sentiment  (Feb)
2025-02-18,18:30,USD,M,united states NY Empire State Manufacturing Index  (Feb)
2025-02-18,18:30,CAD,M,canada Core CPI (YoY)  (Jan)
2025-02-18,18:30,CAD,M,canada Core CPI (MoM)  (Jan)
2025-02-18,18:30,CAD,M,canada CPI (MoM)  (Jan)
2025-02-18,20:20,USD,M,united states FOMC Member Daly Speaks
2025-02-18,20:20,EUR,M,germany German Buba Balz Speaks
2025-02-18,23:00,USD,M,united states Fed Vice Chair for Supervision Barr Speaks
2025-02-19,02:00,USD,M,united states TIC Net Long-Term Transactions  (Dec)
2025-02-19,02:45,NZD,M,new zealand PPI Input (QoQ)  (Q4)
2025-02-19,04:50,JPY,M,japan Adjusted Trade Balance
2025-02-19,04:50,JPY,M,japan Exports (YoY)  (Jan)
2025-02-19,04:50,JPY,M,japan Trade Balance  (Jan)
2025-02-19,05:30,AUD,M,australia Wage Price Index (QoQ)  (Q4)
2025-02-19,06:00,NZD,H,new zealand RBNZ Interest Rate Decision
2025-02-19,06:00,NZD,M,new zealand RBNZ Monetary Policy Statement
2025-02-19,06:00,NZD,M,new zealand RBNZ Rate Statement
2025-02-19,07:00,USD,H,united states U.S. President Trump Speaks
2025-02-19,07:00,NZD,M,new zealand RBNZ Press Conference
2025-02-19,12:00,GBP,M,united kingdom CPI (MoM)  (Jan)
2025-02-19,12:00,GBP,H,united kingdom CPI (YoY)  (Jan)
2025-02-19,12:00,GBP,M,united kingdom PPI Input (MoM)  (Jan)
2025-02-19,12:30,IDR,M,indonesia Interest Rate Decision
2025-02-19,13:00,EUR,M,euro zone European Central Bank Non-monetary Policy Meeting
2025-02-19,15:30,EUR,M,germany German 10-Year Bund Auction
2025-02-19,18:30,USD,M,united states Building Permits  (Jan)
2025-02-19,18:30,USD,M,united states Housing Starts (MoM)  (Jan)
2025-02-19,18:30,USD,M,united states Housing Starts  (Jan)
2025-02-19,20:30,USD,M,united states Atlanta Fed GDPNow  (Q1)
2025-02-19,21:00,NZD,M,new zealand RBNZ Press Conference
2025-02-19,23:00,USD,M,united states 20-Year Bond Auction
2025-02-20,00:00,USD,H,united states FOMC Meeting Minutes
2025-02-20,00:10,NZD,M,new zealand RBNZ Gov Orr Speaks
2025-02-20,02:30,USD,M,united states API Weekly Crude Oil Stock
2025-02-20,05:30,AUD,M,australia Employment Change  (Jan)
2025-02-20,05:30,AUD,M,australia Full Employment Change  (Jan)
2025-02-20,05:30,AUD,M,australia Unemployment Rate  (Jan)
2025-02-20,06:00,CNY,M,china China Loan Prime Rate 5Y  (Feb)
2025-02-20,06:00,CNY,M,china PBoC Loan Prime Rate
2025-02-20,12:00,EUR,M,germany German PPI (MoM)  (Jan)
2025-02-20,18:30,USD,M,united states Continuing Jobless Claims
2025-02-20,18:30,USD,H,united states Initial Jobless Claims
2025-02-20,18:30,USD,H,united states Philadelphia Fed Manufacturing Index  (Feb)
2025-02-20,18:30,USD,M,united states Philly Fed Employment  (Feb)
2025-02-20,18:30,CAD,M,canada New Housing Price Index (MoM)  (Jan)
2025-02-20,18:30,CAD,M,canada RMPI (MoM)  (Jan)
2025-02-20,20:00,USD,M,united states US Leading Index (MoM)  (Jan)
2025-02-20,21:00,EUR,M,germany German Buba President Nagel Speaks
2025-02-20,22:00,USD,H,united states Crude Oil Inventories
2025-02-20,22:00,USD,M,united states Cushing Crude Oil Inventories
2025-02-20,23:00,USD,M,united states 30-Year TIPS Auction
2025-02-21,00:30,USD,M,united states Fed Vice Chair for Supervision Barr Speaks
2025-02-21,02:30,USD,M,united states Fed's Balance Sheet
2025-02-21,04:30,JPY,M,japan National Core CPI (YoY)  (Jan)
2025-02-21,04:30,JPY,M,japan National CPI (MoM)  (Jan)
2025-02-21,09:00,MYR,M,malaysia CPI (YoY)  (Jan)
2025-02-21,12:00,GBP,M,united kingdom Core Retail Sales (YoY)  (Jan)
2025-02-21,12:00,GBP,M,united kingdom Core Retail Sales (MoM)  (Jan)
2025-02-21,12:00,GBP,M,united kingdom Retail Sales (YoY)  (Jan)
2025-02-21,12:00,GBP,M,united kingdom Retail Sales (MoM)  (Jan)
2025-02-21,16:30,INR,M,india RBI MPC Meeting Minutes
2025-02-21,17:00,MXN,M,mexico GDP (YoY)  (Q4)
2025-02-21,17:00,MXN,M,mexico GDP (QoQ)  (Q4)
2025-02-21,18:30,CAD,M,canada Core Retail Sales (MoM)  (Dec)
2025-02-21,18:30,CAD,M,canada Retail Sales (MoM)  (Dec)
2025-02-21,18:31,CAD,M,canada Retail Sales (MoM)  (Jan)
2025-02-21,19:30,EUR,M,euro zone ECB's Lane Speaks
2025-02-21,20:00,USD,M,united states Existing Home Sales (MoM)  (Jan)
2025-02-21,20:00,USD,H,united states Existing Home Sales  (Jan)
2025-02-21,20:00,USD,M,united states Michigan 1-Year Inflation Expectations  (Feb)
2025-02-21,20:00,USD,M,united states Michigan 5-Year Inflation Expectations  (Feb)
2025-02-21,20:00,USD,M,united states Michigan Consumer Expectations  (Feb)
2025-02-21,20:00,USD,M,united states Michigan Consumer Sentiment  (Feb)
2025-02-21,22:30,CAD,M,canada BoC Gov Macklem Speaks
2025-02-21,23:00,USD,M,united states U.S. Baker Hughes Oil Rig Count
2025-02-21,23:00,USD,M,united states U.S. Baker Hughes Total Rig Count
2025-02-22,01:30,GBP,M,united kingdom CFTC GBP speculative net positions
2025-02-22,01:30,USD,M,united states CFTC Crude Oil speculative net positions
2025-02-22,01:30,USD,M,united states CFTC Gold speculative net positions
2025-02-22,01:30,USD,M,united states CFTC Nasdaq 100 speculative net positions
2025-02-22,01:30,USD,M,united states CFTC S&P 500 speculative net positions
2025-02-22,01:30,AUD,M,australia CFTC AUD speculative net positions
2025-02-22,01:30,BRL,M,brazil CFTC BRL speculative net positions
2025-02-22,01:30,JPY,M,japan CFTC JPY speculative net positions
2025-02-22,01:30,RUB,M,russia CFTC RUB speculative positions
2025-02-22,01:30,EUR,M,euro zone CFTC EUR speculative net positions
2025-02-23,21:00,EUR,M,germany German Federal Election
2025-02-24,02:45,NZD,M,new zealand Core Retail Sales (QoQ)
2025-02-24,02:45,NZD,M,new zealand Retail Sales (QoQ)  (Q4)
2025-02-24,10:00,SGD,M,singapore Core CPI (YoY)  (Jan)
2025-02-24,10:00,SGD,M,singapore CPI (YoY)  (Jan)
2025-02-24,12:30,CHF,M,switzerland Employment Level  (Q4)
2025-02-24,14:00,EUR,M,germany German Business Expectations  (Feb)
2025-02-24,14:00,EUR,M,germany German Current Assessment  (Feb)
2025-02-24,14:00,EUR,M,germany German Ifo Business Climate Index  (Feb)
2025-02-24,15:00,EUR,M,germany German Buba Balz Speaks
2025-02-24,15:00,EUR,M,euro zone Core CPI (YoY)  (Jan)
2025-02-24,15:00,EUR,H,euro zone CPI (YoY)  (Jan)
2025-02-24,15:00,EUR,M,euro zone CPI (MoM)  (Jan)
2025-02-24,18:15,GBP,M,united kingdom MPC Member Ramsden Speaks
2025-02-24,23:00,USD,M,united states 2-Year Note Auction
2025-02-25,12:00,EUR,H,germany German GDP (QoQ)  (Q4)
2025-02-25,12:00,EUR,M,germany German GDP (YoY)  (Q4)
2025-02-25,15:00,EUR,M,germany German Buba Mauderer Speaks
2025-02-25,15:00,EUR,M,germany German Buba President Nagel Speaks
2025-02-25,18:00,EUR,M,euro zone ECB's Schnabel Speaks
2025-02-25,19:00,GBP,M,united kingdom BoE MPC Member Pill Speaks
2025-02-25,19:00,USD,M,united states S&P/CS HPI Composite - 20 n.s.a. (YoY)  (Dec)
2025-02-25,19:00,USD,M,united states S&P/CS HPI Composite - 20 n.s.a. (MoM)  (Dec)
2025-02-25,20:00,USD,H,united states CB Consumer Confidence  (Feb)
2025-02-25,21:45,USD,M,united states Fed Vice Chair for Supervision Barr Speaks
2025-02-25,23:00,USD,M,united states 5-Year Note Auction
2025-02-26,02:30,USD,M,united states API Weekly Crude Oil Stock
2025-02-26,05:30,AUD,M,australia Construction Work Done (QoQ)  (Q4)
2025-02-26,10:00,JPY,M,japan BoJ Core CPI (YoY)
2025-02-26,12:00,EUR,M,germany GfK German Consumer Climate  (Mar)
2025-02-26,12:00,THB,M,thailand Interest Rate Decision
2025-02-26,18:00,USD,M,united states Building Permits  (Jan)
2025-02-26,19:00,CAD,M,canada Wholesale Sales (MoM)  (Jan)
2025-02-26,20:00,USD,H,united states Crude Oil Inventories
2025-02-26,20:00,USD,M,united states Cushing Crude Oil Inventories
2025-02-26,20:00,USD,H,united states New Home Sales  (Jan)
2025-02-26,20:00,USD,M,united states New Home Sales (MoM)  (Jan)
2025-02-26,22:00,USD,M,united states FOMC Member Bostic Speaks
2025-02-26,23:00,USD,M,united states 7-Year Note Auction
2025-02-27,05:30,AUD,M,australia Private New Capital Expenditure (QoQ)  (Q4)
2025-02-27,13:00,CHF,M,switzerland GDP (QoQ)  (Q4)
2025-02-27,13:00,CHF,M,switzerland GDP (YoY)  (Q4)
2025-02-27,13:00,EUR,M,spain Spanish CPI (YoY)  (Feb)
2025-02-27,13:00,EUR,M,spain Spanish HICP (YoY)  (Feb)
2025-02-27,14:00,PLN,M,poland GDP (YoY)  (Q4)
2025-02-27,14:00,PLN,M,poland GDP (QoQ)  (Q4)
2025-02-27,15:30,EUR,M,italy Italian 10-Year BTP Auction
2025-02-27,16:00,EUR,M,france France Jobseekers Total  (Jan)
2025-02-27,17:00,BRL,M,brazil Unemployment Rate  (Jan)
2025-02-27,17:30,EUR,M,euro zone ECB Publishes Account of Monetary Policy Meeting
2025-02-27,18:30,USD,M,united states Continuing Jobless Claims
2025-02-27,18:30,USD,M,united states Core Durable Goods Orders (MoM)  (Jan)
2025-02-27,18:30,USD,M,united states Core PCE Prices  (Q4)
2025-02-27,18:30,USD,H,united states Durable Goods Orders (MoM)  (Jan)
2025-02-27,18:30,USD,H,united states GDP (QoQ)  (Q4)
2025-02-27,18:30,USD,M,united states GDP Price Index (QoQ)  (Q4)
2025-02-27,18:30,USD,H,united states Initial Jobless Claims
2025-02-27,18:30,CAD,M,canada Current Account  (Q4)
2025-02-27,20:00,USD,M,united states Fed Vice Chair for Supervision Barr Speaks
2025-02-27,20:00,USD,M,united states Pending Home Sales (MoM)  (Jan)
2025-02-27,21:45,USD,M,united states FOMC Member Bowman Speaks
2025-02-28,01:15,USD,M,united states FOMC Member Harker Speaks
2025-02-28,02:30,USD,M,united states Fed's Balance Sheet
2025-02-28,04:30,JPY,M,japan Tokyo Core CPI (YoY)  (Feb)
2025-02-28,04:50,JPY,M,japan Industrial Production (MoM)  (Jan)
2025-02-28,12:00,GBP,M,united kingdom MPC Member Ramsden Speaks
2025-02-28,12:00,GBP,M,united kingdom Nationwide HPI (MoM)  (Feb)
2025-02-28,12:00,GBP,M,united kingdom Nationwide HPI (YoY)  (Feb)
2025-02-28,12:00,SEK,M,sweden GDP (QoQ)  (Q4)
2025-02-28,12:00,SEK,M,sweden GDP (YoY)  (Q4)
2025-02-28,12:00,EUR,M,germany German Retail Sales (MoM)  (Jan)
2025-02-28,12:00,TRY,M,türkiye GDP (YoY)  (Q4)
2025-02-28,12:45,EUR,M,france French Consumer Spending (MoM)  (Jan)
2025-02-28,12:45,EUR,M,france French CPI (MoM)  (Feb)
2025-02-28,12:45,EUR,M,france French GDP (QoQ)  (Q4)
2025-02-28,12:45,EUR,M,france French GDP (YoY)  (Q4)
2025-02-28,12:45,EUR,M,france French HICP (MoM)  (Feb)
2025-02-28,13:00,CHF,M,switzerland KOF Leading Indicators  (Feb)
2025-02-28,13:55,EUR,M,germany German Unemployment Change  (Feb)
2025-02-28,13:55,EUR,M,germany German Unemployment Rate  (Feb)
2025-02-28,15:30,INR,M,india GDP Quarterly (YoY)  (Q3)
2025-02-28,18:00,EUR,H,germany German CPI (MoM)  (Feb)
2025-02-28,18:00,EUR,M,germany German CPI (YoY)  (Feb)
2025-02-28,18:30,USD,H,united states Core PCE Price Index (MoM)  (Jan)
2025-02-28,18:30,USD,H,united states Core PCE Price Index (YoY)  (Jan)
2025-02-28,18:30,USD,M,united states Goods Trade Balance  (Jan)
2025-02-28,18:30,USD,M,united states PCE price index (MoM)  (Jan)
2025-02-28,18:30,USD,M,united states PCE Price index (YoY)  (Jan)
2025-02-28,18:30,USD,M,united states Personal Spending (MoM)  (Jan)
2025-02-28,18:30,USD,M,united states Retail Inventories Ex Auto  (Jan)
2025-02-28,18:30,CAD,M,canada GDP (MoM)  (Dec)
2025-02-28,18:30,CAD,M,canada GDP (QoQ)  (Q4)
2025-02-28,18:30,CAD,M,canada GDP (YoY)  (Q4)
2025-02-28,18:30,CAD,M,canada GDP Annualized (QoQ)  (Q4)
2025-02-28,18:31,CAD,M,canada GDP (MoM)  (Jan)
2025-02-28,19:45,USD,H,united states Chicago PMI  (Feb)
2025-02-28,21:05,USD,M,united states Atlanta Fed GDPNow  (Q1)
2025-02-28,23:00,USD,M,united states U.S. Baker Hughes Oil Rig Count
2025-02-28,23:00,USD,M,united states U.S. Baker Hughes Total Rig Count
2025-03-01,01:30,GBP,M,united kingdom CFTC GBP speculative net positions
2025-03-01,01:30,USD,M,united states CFTC Crude Oil speculative net positions
2025-03-01,01:30,USD,M,united states CFTC Gold speculative net positions
2025-03-01,01:30,USD,M,united states CFTC Nasdaq 100 speculative net positions
2025-03-01,01:30,USD,M,united states CFTC S&P 500 speculative net positions
2025-03-01,01:30,AUD,M,australia CFTC AUD speculative net positions
2025-03-01,01:30,BRL,M,brazil CFTC BRL speculative net positions
2025-03-01,01:30,JPY,M,japan CFTC JPY speculative net positions
2025-03-01,01:30,RUB,M,russia CFTC RUB speculative positions
2025-03-01,01:30,EUR,M,euro zone CFTC EUR speculative net positions
2025-03-01,06:30,CNY,M,china Chinese Composite PMI  (Feb)
2025-03-01,06:30,CNY,H,china Manufacturing PMI  (Feb)
2025-03-01,06:30,CNY,M,china Non-Manufacturing PMI  (Feb)
2025-03-03,05:30,AUD,M,australia Company Gross Operating Profits (QoQ)  (Q4)
2025-03-03,12:00,TRY,M,türkiye CPI (MoM)  (Feb)
2025-03-03,12:00,TRY,M,türkiye CPI (YoY)  (Feb)
2025-03-03,13:30,CHF,M,switzerland procure.ch Manufacturing PMI  (Feb)
2025-03-03,15:00,EUR,M,euro zone Core CPI (YoY)  (Feb)
2025-03-03,15:00,EUR,H,euro zone CPI (YoY)  (Feb)
2025-03-03,15:00,EUR,M,euro zone CPI (MoM)  (Feb)
2025-03-03,20:00,USD,M,united states Construction Spending (MoM)  (Jan)
2025-03-03,20:00,USD,M,united states ISM Manufacturing Employment  (Feb)
2025-03-03,20:00,USD,H,united states ISM Manufacturing PMI  (Feb)
2025-03-03,20:00,USD,H,united states ISM Manufacturing Prices  (Feb)
2025-03-03,20:00,EUR,M,germany German Buba Vice President Buch Speaks
2025-03-03,23:00,USD,M,united states Atlanta Fed GDPNow  (Q1)
2025-03-04,04:50,JPY,M,japan Capital Spending (YoY)  (Q4)
2025-03-04,05:30,AUD,M,australia Current Account  (Q4)
2025-03-04,05:30,AUD,M,australia RBA Meeting Minutes
2025-03-04,05:30,AUD,M,australia Retail Sales (MoM)  (Jan)
2025-03-04,08:35,JPY,M,japan 10-Year JGB Auction
2025-03-04,12:30,HUF,M,hungary GDP (YoY)  (Q4)
2025-03-04,13:00,EUR,M,spain Spanish Unemployment Change  (Feb)
2025-03-04,14:30,ZAR,M,south africa GDP Annualized (QoQ)  (Q4)
2025-03-04,15:00,EUR,M,euro zone Unemployment Rate  (Jan)
2025-03-05,00:20,USD,M,united states FOMC Member Williams Speaks
2025-03-05,02:30,USD,M,united states API Weekly Crude Oil Stock
2025-03-05,05:30,AUD,M,australia GDP (QoQ)  (Q4)
2025-03-05,05:30,AUD,M,australia GDP (YoY)  (Q4)
2025-03-05,07:10,USD,H,united states U.S. President Trump Speaks
2025-03-05,12:30,CHF,M,switzerland CPI (MoM)  (Feb)
2025-03-05,18:15,USD,H,united states ADP Nonfarm Employment Change  (Feb)
2025-03-05,18:30,CAD,M,canada Labor Productivity (QoQ)  (Q4)
2025-03-05,19:30,GBP,M,united kingdom BoE Gov Bailey Speaks
2025-03-05,19:30,GBP,M,united kingdom BoE MPC Member Pill Speaks
2025-03-05,19:30,GBP,M,united kingdom BoE MPC Treasury Committee Hearings
2025-03-05,20:00,USD,M,united states Factory Orders (MoM)  (Jan)
2025-03-05,20:00,USD,M,united states ISM Non-Manufacturing Employment  (Feb)
2025-03-05,20:00,USD,H,united states ISM Non-Manufacturing PMI  (Feb)
2025-03-05,20:00,USD,H,united states ISM Non-Manufacturing Prices  (Feb)
2025-03-05,20:30,USD,H,united states Crude Oil Inventories
2025-03-05,20:30,USD,M,united states Cushing Crude Oil Inventories
2025-03-05,21:00,RUB,M,russia Retail Sales (YoY)  (Jan)
2025-03-05,21:00,RUB,M,russia Unemployment Rate  (Jan)
2025-03-06,00:00,USD,M,united states Beige Book
2025-03-06,01:30,NZD,M,new zealand RBNZ Gov Orr Speaks
2025-03-06,05:30,AUD,M,australia Building Approvals (MoM)  (Jan)
2025-03-06,05:30,AUD,M,australia Trade Balance  (Jan)
2025-03-06,12:00,SEK,M,sweden CPI (YoY)  (Feb)
2025-03-06,12:00,SEK,M,sweden CPI (MoM)  (Feb)
2025-03-06,12:00,MYR,M,malaysia Interest Rate
2025-03-06,13:00,BRL,M,brazil IPC-Fipe Inflation Index (MoM)  (Feb)
2025-03-06,15:00,EUR,M,euro zone EU Leaders Summit
2025-03-06,15:00,EUR,M,euro zone Euro Summit
2025-03-06,16:00,TRY,M,türkiye One-Week Repo Rate  (Mar)
2025-03-06,18:15,EUR,H,euro zone Deposit Facility Rate  (Mar)
2025-03-06,18:15,EUR,M,euro zone ECB Marginal Lending Facility
2025-03-06,18:15,EUR,M,euro zone ECB Monetary Policy Statement
2025-03-06,18:15,EUR,H,euro zone ECB Interest Rate Decision  (Mar)
2025-03-06,18:30,USD,M,united states Continuing Jobless Claims
2025-03-06,18:30,USD,M,united states Exports  (Jan)
2025-03-06,18:30,USD,M,united states Imports  (Jan)
2025-03-06,18:30,USD,H,united states Initial Jobless Claims
2025-03-06,18:30,USD,M,united states Nonfarm Productivity (QoQ)  (Q4)
2025-03-06,18:30,USD,M,united states Trade Balance  (Jan)
2025-03-06,18:30,USD,M,united states Unit Labor Costs (QoQ)  (Q4)
2025-03-06,18:30,CAD,M,canada Trade Balance  (Jan)
2025-03-06,18:45,USD,M,united states FOMC Member Harker Speaks
2025-03-06,18:45,EUR,H,euro zone ECB Press Conference
2025-03-06,20:00,CAD,M,canada Ivey PMI  (Feb)
2025-03-06,20:15,EUR,M,euro zone ECB President Lagarde Speaks
2025-03-06,23:00,USD,M,united states Atlanta Fed GDPNow  (Q1)
2025-03-07,01:15,GBP,M,united kingdom BoE MPC Member Mann Speaks
2025-03-07,01:30,USD,M,united states Fed Waller Speaks
2025-03-07,02:30,USD,M,united states Fed's Balance Sheet
2025-03-07,05:00,USD,M,united states FOMC Member Bostic Speaks
2025-03-07,08:20,CNY,M,china Exports (YoY)  (Feb)
2025-03-07,08:20,CNY,M,china Imports (YoY)  (Feb)
2025-03-07,08:20,CNY,M,china Trade Balance (USD)  (Feb)
2025-03-07,12:00,GBP,M,united kingdom Halifax House Price Index (MoM)  (Feb)
2025-03-07,12:00,GBP,M,united kingdom Halifax House Price Index (YoY)  (Feb)
2025-03-07,12:00,EUR,M,germany German Factory Orders (MoM)  (Jan)
2025-03-07,14:30,GBP,M,united kingdom Mortgage Rate (GBP)  (Feb)
2025-03-07,14:30,EUR,M,germany German Buba President Nagel Speaks
2025-03-07,14:30,EUR,M,euro zone ECB President Lagarde Speaks
2025-03-07,14:40,EUR,M,germany German Buba Vice President Buch Speaks
2025-03-07,15:00,EUR,M,euro zone GDP (QoQ)  (Q4)
2025-03-07,15:00,EUR,M,euro zone GDP (YoY)  (Q4)
2025-03-07,17:00,MXN,M,mexico CPI (YoY)  (Feb)
2025-03-07,17:00,MXN,M,mexico CPI (MoM)  (Feb)
2025-03-07,17:00,BRL,M,brazil GDP (YoY)  (Q4)
2025-03-07,17:00,BRL,M,brazil GDP (QoQ)  (Q4)
2025-03-07,18:30,USD,H,united states Average Hourly Earnings (MoM)  (Feb)
2025-03-07,18:30,USD,M,united states Average Hourly Earnings (YoY) (YoY)  (Feb)
2025-03-07,18:30,USD,H,united states Nonfarm Payrolls  (Feb)
2025-03-07,18:30,USD,M,united states Participation Rate  (Feb)
2025-03-07,18:30,USD,M,united states Private Nonfarm Payrolls  (Feb)
2025-03-07,18:30,USD,M,united states U6 Unemployment Rate  (Feb)
2025-03-07,18:30,USD,H,united states Unemployment Rate  (Feb)
2025-03-07,18:30,CAD,M,canada Employment Change  (Feb)
2025-03-07,18:30,CAD,M,canada Unemployment Rate  (Feb)
2025-03-07,20:00,GBP,M,united kingdom BoE MPC Member Mann Speaks
2025-03-07,20:15,USD,M,united states FOMC Member Bowman Speaks
2025-03-07,20:45,USD,M,united states FOMC Member Williams Speaks
2025-03-07,22:30,USD,H,united states Fed Chair Powell Speaks
2025-03-07,23:00,USD,M,united states U.S. Baker Hughes Oil Rig Count
2025-03-07,23:00,USD,M,united states U.S. Baker Hughes Total Rig Count
2025-03-07,23:30,USD,H,united states U.S. President Trump Speaks
2025-03-08,01:00,USD,M,united states Consumer Credit  (Jan)
2025-03-08,01:15,GBP,M,united kingdom BoE MPC Member Mann Speaks
2025-03-08,01:30,GBP,M,united kingdom CFTC GBP speculative net positions
2025-03-08,01:30,USD,M,united states CFTC Crude Oil speculative net positions
2025-03-08,01:30,USD,M,united states CFTC Gold speculative net positions
2025-03-08,01:30,USD,M,united states CFTC Nasdaq 100 speculative net positions
2025-03-08,01:30,USD,M,united states CFTC S&P 500 speculative net positions
2025-03-08,01:30,AUD,M,australia CFTC AUD speculative net positions
2025-03-08,01:30,BRL,M,brazil CFTC BRL speculative net positions
2025-03-08,01:30,JPY,M,japan CFTC JPY speculative net positions
2025-03-08,01:30,RUB,M,russia CFTC RUB speculative positions
2025-03-08,01:30,EUR,M,euro zone CFTC EUR speculative net positions
2025-03-09,06:30,CNY,M,china CPI (YoY)  (Feb)
2025-03-09,06:30,CNY,M,china CPI (MoM)  (Feb)
2025-03-09,06:30,CNY,M,china PPI (YoY)  (Feb)
2025-03-10,04:50,JPY,M,japan Adjusted Current Account  (Jan)
2025-03-10,04:50,JPY,M,japan Current Account n.s.a.  (Jan)
2025-03-10,12:00,EUR,M,germany German Industrial Production (MoM)  (Jan)
2025-03-10,12:00,EUR,M,germany German Trade Balance  (Jan)
2025-03-10,13:00,CHF,M,switzerland SECO Consumer Climate
2025-03-10,15:00,EUR,M,euro zone Eurogroup Meetings
2025-03-10,18:00,EUR,M,germany German Buba President Nagel Speaks
2025-03-10,20:00,USD,M,united states NY Fed 1-Year Consumer Inflation Expectations
2025-03-11,04:30,JPY,M,japan Household Spending (YoY)  (Jan)
2025-03-11,04:30,JPY,M,japan Household Spending (MoM)  (Jan)
2025-03-11,04:50,JPY,H,japan GDP (QoQ)  (Q4)
2025-03-11,04:50,JPY,M,japan GDP (YoY)  (Q4)
2025-03-11,04:50,JPY,M,japan GDP Annualized (QoQ)  (Q4)
2025-03-11,04:50,JPY,M,japan GDP Price Index (YoY)  (Q4)
2025-03-11,05:01,GBP,M,united kingdom BRC Retail Sales Monitor (YoY)  (Feb)
2025-03-11,05:30,AUD,M,australia NAB Business Confidence  (Feb)
2025-03-11,12:00,TRY,M,türkiye Turkish Retail Sales (YoY)  (Jan)
2025-03-11,12:00,TRY,M,türkiye Turkish Retail Sales (MoM)  (Jan)
2025-03-11,15:00,EUR,M,euro zone Eurogroup Meetings
2025-03-11,17:00,BRL,M,brazil Industrial Production (YoY)  (Jan)
2025-03-11,19:00,USD,H,united states JOLTS Job Openings  (Jan)
2025-03-11,21:00,USD,M,united states EIA Short-Term Energy Outlook
2025-03-11,21:00,USD,M,united states WASDE Report
2025-03-11,22:00,USD,M,united states 3-Year Note Auction
2025-03-12,01:30,USD,M,united states API Weekly Crude Oil Stock
2025-03-12,02:45,NZD,M,new zealand Electronic Card Retail Sales (MoM)  (Feb)
2025-03-12,04:50,JPY,M,japan BSI Large Manufacturing Conditions  (Q1)
2025-03-12,13:45,EUR,M,euro zone ECB President Lagarde Speaks
2025-03-12,15:30,INR,M,india CPI (YoY)  (Feb)
2025-03-12,15:30,EUR,M,germany German 10-Year Bund Auction
2025-03-12,16:00,USD,M,united states OPEC Monthly Report
2025-03-12,17:00,BRL,M,brazil CPI (YoY)  (Feb)
2025-03-12,17:30,USD,M,united states Core CPI (YoY)  (Feb)
2025-03-12,17:30,USD,H,united states Core CPI (MoM)  (Feb)
2025-03-12,17:30,USD,H,united states CPI (MoM)  (Feb)
2025-03-12,17:30,USD,H,united states CPI (YoY)  (Feb)
2025-03-12,18:00,PLN,M,poland Interest Rate Decision  (Mar)
2025-03-12,18:30,USD,H,united states Crude Oil Inventories
2025-03-12,18:30,USD,M,united states Cushing Crude Oil Inventories
2025-03-12,18:45,CAD,M,canada BoC Rate Statement
2025-03-12,18:45,CAD,H,canada BoC Interest Rate Decision
2025-03-12,18:45,EUR,M,germany German Buba President Nagel Speaks
2025-03-12,19:00,PLN,M,poland Interest Rate Decision  (Mar)
2025-03-12,19:30,CAD,M,canada BOC Press Conference
2025-03-12,20:15,EUR,M,euro zone ECB's Lane Speaks
2025-03-12,21:00,RUB,M,russia CPI (YoY)  (Feb)
2025-03-12,21:00,RUB,M,russia CPI (MoM)  (Feb)
2025-03-12,22:00,USD,H,united states 10-Year Note Auction
2025-03-12,23:00,USD,M,united states Federal Budget Balance  (Feb)
2025-03-13,05:30,AUD,M,australia Building Approvals (MoM)  (Jan)
2025-03-13,12:00,SEK,M,sweden CPI (MoM)  (Feb)
2025-03-13,12:00,SEK,M,sweden CPI (YoY)  (Feb)
2025-03-13,12:30,CHF,M,switzerland PPI (MoM)  (Feb)
2025-03-13,14:00,USD,M,united states IEA Monthly Report
2025-03-13,14:50,EUR,M,euro zone ECB's De Guindos Speaks
2025-03-13,15:00,EUR,M,euro zone Industrial Production (MoM)  (Jan)
2025-03-13,17:30,USD,M,united states Continuing Jobless Claims
2025-03-13,17:30,USD,M,united states Core PPI (MoM)  (Feb)
2025-03-13,17:30,USD,H,united states Initial Jobless Claims
2025-03-13,17:30,USD,H,united states PPI (MoM)  (Feb)
2025-03-13,17:30,CAD,M,canada Building Permits (MoM)  (Jan)
2025-03-13,22:00,USD,H,united states 30-Year Bond Auction
2025-03-13,22:00,EUR,M,germany German Buba Balz Speaks
2025-03-13,22:00,EUR,M,euro zone ECB President Lagarde Speaks
2025-03-13,22:30,EUR,M,germany German Buba President Nagel Speaks
2025-03-14,01:30,USD,M,united states Fed's Balance Sheet
2025-03-14,02:30,NZD,M,new zealand Business NZ PMI  (Feb)
2025-03-14,12:00,GBP,H,united kingdom GDP (MoM)  (Jan)
2025-03-14,12:00,GBP,M,united kingdom Industrial Production (MoM)  (Jan)
2025-03-14,12:00,GBP,M,united kingdom Manufacturing Production (MoM)  (Jan)
2025-03-14,12:00,GBP,M,united kingdom Monthly GDP 3M/3M Change  (Jan)
2025-03-14,12:00,EUR,H,germany German CPI (MoM)  (Feb)
2025-03-14,12:00,EUR,M,germany German CPI (YoY)  (Feb)
2025-03-14,12:45,EUR,M,france French CPI (MoM)  (Feb)
2025-03-14,12:45,EUR,M,france French HICP (MoM)  (Feb)
2025-03-14,13:00,EUR,M,spain Spanish CPI (YoY)  (Feb)
2025-03-14,13:00,EUR,M,spain Spanish HICP (YoY)  (Feb)
2025-03-14,14:00,CNY,M,china New Loans  (Feb)
2025-03-14,16:00,GBP,M,united kingdom NIESR Monthly GDP Tracker  (Feb)
2025-03-14,16:30,BRL,M,brazil Gross Debt-to-GDP ratio (MoM)  (Jan)
2025-03-14,17:00,BRL,M,brazil Retail Sales (YoY)  (Jan)
2025-03-14,17:00,BRL,M,brazil Retail Sales (MoM)  (Jan)
2025-03-14,17:30,CAD,M,canada Wholesale Sales (MoM)  (Jan)
2025-03-14,19:00,USD,M,united states Michigan 1-Year Inflation Expectations  (Mar)
2025-03-14,19:00,USD,M,united states Michigan 5-Year Inflation Expectations  (Mar)
2025-03-14,19:00,USD,M,united states Michigan Consumer Expectations  (Mar)
2025-03-14,19:00,USD,M,united states Michigan Consumer Sentiment  (Mar)
2025-03-14,22:00,USD,M,united states U.S. Baker Hughes Oil Rig Count
2025-03-14,22:00,USD,M,united states U.S. Baker Hughes Total Rig Count
2025-03-15,00:30,GBP,M,united kingdom CFTC GBP speculative net positions
2025-03-15,00:30,USD,M,united states CFTC Crude Oil speculative net positions
2025-03-15,00:30,USD,M,united states CFTC Nasdaq 100 speculative net positions
2025-03-15,00:30,USD,M,united states CFTC S&P 500 speculative net positions
2025-03-15,00:30,AUD,M,australia CFTC AUD speculative net positions
2025-03-15,00:30,BRL,M,brazil CFTC BRL speculative net positions
2025-03-15,00:30,JPY,M,japan CFTC JPY speculative net positions
2025-03-15,00:30,EUR,M,euro zone CFTC EUR speculative net positions
2025-03-15,01:30,USD,M,united states CFTC Gold speculative net positions
2025-03-15,01:30,RUB,M,russia CFTC RUB speculative positions
2025-03-15,21:30,EUR,M,euro zone ECB President Lagarde Speaks
2025-03-17,07:00,CNY,M,china Fixed Asset Investment (YoY)  (Feb)
2025-03-17,07:00,CNY,M,china Industrial Production (YoY)  (Feb)
2025-03-17,07:00,CNY,M,china Chinese Industrial Production YTD  (YoY)  (Feb)
2025-03-17,07:00,CNY,M,china Chinese Unemployment Rate  (Feb)
2025-03-17,07:00,CNY,M,china NBS Press Conference
2025-03-17,11:30,INR,M,india WPI Inflation (YoY)  (Feb)
2025-03-17,17:15,CAD,M,canada Housing Starts  (Feb)
2025-03-17,17:15,EUR,M,germany German Buba Mauderer Speaks
2025-03-17,17:30,USD,H,united states Core Retail Sales (MoM)  (Feb)
2025-03-17,17:30,USD,M,united states NY Empire State Manufacturing Index  (Mar)
2025-03-17,17:30,USD,M,united states Retail Control (MoM)  (Feb)
2025-03-17,17:30,USD,H,united states Retail Sales (MoM)  (Feb)
2025-03-17,17:30,CAD,M,canada Foreign Securities Purchases  (Jan)
2025-03-17,19:00,USD,M,united states Business Inventories (MoM)  (Jan)
2025-03-17,19:00,USD,M,united states Retail Inventories Ex Auto  (Jan)
2025-03-17,19:00,EUR,M,euro zone ECB President Lagarde Speaks
2025-03-17,22:00,USD,M,united states Atlanta Fed GDPNow  (Q1)
2025-03-18,15:00,EUR,M,germany German ZEW Current Conditions  (Mar)
2025-03-18,15:00,EUR,M,germany German ZEW Economic Sentiment  (Mar)
2025-03-18,15:00,EUR,M,euro zone Trade Balance  (Jan)
2025-03-18,15:00,EUR,M,euro zone ZEW Economic Sentiment  (Mar)
2025-03-18,17:30,USD,M,united states Building Permits  (Feb)
2025-03-18,17:30,USD,M,united states Export Price Index (MoM)  (Feb)
2025-03-18,17:30,USD,M,united states Housing Starts  (Feb)
2025-03-18,17:30,USD,M,united states Housing Starts (MoM)  (Feb)
2025-03-18,17:30,USD,M,united states Import Price Index (MoM)  (Feb)
2025-03-18,17:30,CAD,M,canada Core CPI (YoY)  (Feb)
2025-03-18,17:30,CAD,M,canada Core CPI (MoM)  (Feb)
2025-03-18,17:30,CAD,M,canada CPI (MoM)  (Feb)
2025-03-18,18:15,USD,M,united states Industrial Production (YoY)  (Feb)
2025-03-18,18:15,USD,M,united states Industrial Production (MoM)  (Feb)
2025-03-18,21:30,USD,M,united states Atlanta Fed GDPNow  (Q1)
2025-03-18,22:30,USD,M,united states 20-Year Bond Auction
2025-03-19,01:00,NZD,M,new zealand Westpac Consumer Sentiment  (Q1)
2025-03-19,01:30,USD,M,united states API Weekly Crude Oil Stock
2025-03-19,02:45,NZD,M,new zealand Current Account (YoY)  (Q4)
2025-03-19,02:45,NZD,M,new zealand Current Account (QoQ)  (Q4)
2025-03-19,04:50,JPY,M,japan Adjusted Trade Balance
2025-03-19,04:50,JPY,M,japan Exports (YoY)  (Feb)
2025-03-19,04:50,JPY,M,japan Trade Balance  (Feb)
2025-03-19,07:30,JPY,M,japan BoJ Monetary Policy Statement
2025-03-19,07:30,JPY,H,japan BoJ Interest Rate Decision
2025-03-19,09:30,JPY,M,japan Industrial Production (MoM)  (Jan)
2025-03-19,11:30,JPY,M,japan BoJ Press Conference
2025-03-19,12:30,IDR,M,indonesia Interest Rate Decision
2025-03-19,15:00,EUR,M,euro zone Core CPI (YoY)  (Feb)
2025-03-19,15:00,EUR,H,euro zone CPI (YoY)  (Feb)
2025-03-19,15:00,EUR,M,euro zone CPI (MoM)  (Feb)
2025-03-19,15:00,EUR,M,euro zone Wages in euro zone (YoY)  (Q4)
2025-03-19,17:00,EUR,M,euro zone ECB's De Guindos Speaks
2025-03-19,18:00,EUR,M,euro zone ECB's Elderson Speaks
2025-03-19,18:30,USD,H,united states Crude Oil Inventories
2025-03-19,18:30,USD,M,united states Cushing Crude Oil Inventories
2025-03-19,23:00,USD,M,united states Interest Rate Projection - 1st Yr  (Q1)
2025-03-19,23:00,USD,M,united states Interest Rate Projection - 2nd Yr  (Q1)
2025-03-19,23:00,USD,M,united states Interest Rate Projection - Current  (Q1)
2025-03-19,23:00,USD,M,united states Interest Rate Projection - Longer  (Q1)
2025-03-19,23:00,USD,H,united states FOMC Economic Projections
2025-03-19,23:00,USD,H,united states FOMC Statement
2025-03-19,23:00,USD,H,united states Fed Interest Rate Decision
2025-03-19,23:30,USD,H,united states FOMC Press Conference
2025-03-20,01:00,USD,M,united states TIC Net Long-Term Transactions  (Jan)
2025-03-20,01:00,NZD,M,new zealand Westpac Consumer Sentiment  (Q1)
2025-03-20,02:30,BRL,M,brazil Interest Rate Decision
2025-03-20,02:45,NZD,M,new zealand GDP (QoQ)  (Q4)
2025-03-20,05:30,AUD,M,australia Employment Change  (Feb)
2025-03-20,05:30,AUD,M,australia Full Employment Change  (Feb)
2025-03-20,05:30,AUD,M,australia Unemployment Rate  (Feb)
2025-03-20,06:00,CNY,M,china China Loan Prime Rate 5Y  (Mar)
2025-03-20,06:00,CNY,M,china PBoC Loan Prime Rate
2025-03-20,12:00,GBP,M,united kingdom Average Earnings Index +Bonus  (Jan)
2025-03-20,12:00,GBP,M,united kingdom Claimant Count Change  (Feb)
2025-03-20,12:00,GBP,M,united kingdom Employment Change 3M/3M (MoM)  (Jan)
2025-03-20,12:00,GBP,M,united kingdom Unemployment Rate  (Jan)
2025-03-20,12:00,EUR,M,germany German PPI (MoM)  (Feb)
2025-03-20,13:00,TWD,M,taiwan Interest Rate  (Q1)
2025-03-20,13:00,EUR,M,euro zone ECB President Lagarde Speaks
2025-03-20,13:30,SEK,M,sweden Interest Rate Decision
2025-03-20,13:30,CHF,H,switzerland SNB Interest Rate Decision  (Q1)
2025-03-20,13:30,CHF,M,switzerland SNB Monetary Policy Assessment
2025-03-20,14:00,CHF,M,switzerland SNB Press Conference
2025-03-20,14:00,EUR,M,euro zone ECB Economic Bulletin
2025-03-20,15:00,EUR,M,euro zone EU Leaders Summit
2025-03-20,16:00,EUR,M,euro zone ECB Economic Bulletin
2025-03-20,17:00,GBP,M,united kingdom BOE Inflation Letter
2025-03-20,17:00,GBP,M,united kingdom BoE MPC vote cut  (Mar)
2025-03-20,17:00,GBP,M,united kingdom BoE MPC vote hike  (Mar)
2025-03-20,17:00,GBP,M,united kingdom BoE MPC vote unchanged  (Mar)
2025-03-20,17:00,GBP,H,united kingdom BoE Interest Rate Decision  (Mar)
2025-03-20,17:00,GBP,M,united kingdom BoE MPC Meeting Minutes
2025-03-20,17:00,EUR,M,euro zone ECB's Lane Speaks
2025-03-20,17:30,GBP,M,united kingdom BoE Gov Bailey Speaks
2025-03-20,17:30,USD,M,united states Continuing Jobless Claims
2025-03-20,17:30,USD,M,united states Current Account  (Q4)
2025-03-20,17:30,USD,H,united states Initial Jobless Claims
2025-03-20,17:30,USD,H,united states Philadelphia Fed Manufacturing Index  (Mar)
2025-03-20,17:30,USD,M,united states Philly Fed Employment  (Mar)
2025-03-20,17:30,CAD,M,canada RMPI (MoM)  (Feb)
2025-03-20,18:00,ZAR,M,south africa Interest Rate Decision  (Mar)
2025-03-20,19:00,USD,M,united states Existing Home Sales (MoM)  (Feb)
2025-03-20,19:00,USD,H,united states Existing Home Sales  (Feb)
2025-03-20,19:00,USD,M,united states US Leading Index (MoM)  (Feb)
2025-03-20,21:50,CAD,M,canada BoC Gov Macklem Speaks
2025-03-20,22:00,USD,M,united states 10-Year TIPS Auction
2025-03-21,01:30,USD,M,united states Fed's Balance Sheet
2025-03-21,04:30,JPY,M,japan National Core CPI (YoY)  (Feb)
2025-03-21,04:30,JPY,M,japan National CPI (MoM)  (Feb)
2025-03-21,09:00,MYR,M,malaysia CPI (YoY)  (Feb)
2025-03-21,14:00,EUR,M,germany German Buba Mauderer Speaks
2025-03-21,15:00,EUR,M,euro zone EU Leaders Summit
2025-03-21,15:30,RUB,M,russia Interest Rate Decision  (Mar)
2025-03-21,17:00,RUB,M,russia CBR Press Conference
2025-03-21,17:30,CAD,M,canada Core Retail Sales (MoM)  (Jan)
2025-03-21,17:30,CAD,M,canada New Housing Price Index (MoM)  (Feb)
2025-03-21,17:30,CAD,M,canada Retail Sales (MoM)  (Jan)
2025-03-21,17:31,CAD,M,canada Retail Sales (MoM)  (Feb)
2025-03-21,18:05,USD,M,united states FOMC Member Williams Speaks
2025-03-21,22:00,USD,M,united states U.S. Baker Hughes Oil Rig Count
2025-03-21,22:00,USD,M,united states U.S. Baker Hughes Total Rig Count
2025-03-22,00:30,GBP,M,united kingdom CFTC GBP speculative net positions
2025-03-22,00:30,USD,M,united states CFTC Crude Oil speculative net positions
2025-03-22,00:30,USD,M,united states CFTC Gold speculative net positions
2025-03-22,00:30,USD,M,united states CFTC Nasdaq 100 speculative net positions
2025-03-22,00:30,USD,M,united states CFTC S&P 500 speculative net positions
2025-03-22,00:30,AUD,M,australia CFTC AUD speculative net positions
2025-03-22,00:30,BRL,M,brazil CFTC BRL speculative net positions
2025-03-22,00:30,JPY,M,japan CFTC JPY speculative net positions
2025-03-22,00:30,EUR,M,euro zone CFTC EUR speculative net positions
2025-03-22,01:30,RUB,M,russia CFTC RUB speculative positions
2025-03-24,10:00,SGD,M,singapore Core CPI (YoY)  (Feb)
2025-03-24,10:00,SGD,M,singapore CPI (YoY)  (Feb)
2025-03-24,22:45,USD,M,united states FOMC Member Bostic Speaks
2025-03-24,23:00,GBP,M,united kingdom BoE Gov Bailey Speaks
2025-03-25,00:10,USD,M,united states Fed Vice Chair for Supervision Barr Speaks
2025-03-25,04:50,JPY,M,japan Monetary Policy Meeting Minutes
2025-03-25,10:00,JPY,M,japan BoJ Core CPI (YoY)
2025-03-25,14:00,EUR,M,germany German Business Expectations  (Mar)
2025-03-25,14:00,EUR,M,germany German Current Assessment  (Mar)
2025-03-25,14:00,EUR,M,germany German Ifo Business Climate Index  (Mar)
2025-03-25,16:40,USD,M,united states Building Permits  (Feb)
2025-03-25,18:00,USD,M,united states S&P/CS HPI Composite - 20 n.s.a. (MoM)  (Jan)
2025-03-25,18:00,USD,M,united states S&P/CS HPI Composite - 20 n.s.a. (YoY)  (Jan)
2025-03-25,18:05,USD,M,united states FOMC Member Williams Speaks
2025-03-25,19:00,USD,H,united states CB Consumer Confidence  (Mar)
2025-03-25,19:00,USD,H,united states New Home Sales  (Feb)
2025-03-25,19:00,USD,M,united states New Home Sales (MoM)  (Feb)
2025-03-25,21:00,EUR,M,germany German Buba President Nagel Speaks
2025-03-25,22:00,USD,M,united states 2-Year Note Auction
2025-03-25,23:35,USD,M,united states FOMC Member Williams Speaks
2025-03-26,01:30,USD,M,united states API Weekly Crude Oil Stock
2025-03-26,12:00,GBP,M,united kingdom CPI (MoM)  (Feb)
2025-03-26,12:00,GBP,H,united kingdom CPI (YoY)  (Feb)
2025-03-26,12:00,GBP,M,united kingdom CPIH (YoY)
2025-03-26,13:00,EUR,M,spain Spanish GDP (QoQ)  (Q4)
2025-03-26,13:00,EUR,M,euro zone European Central Bank Non-monetary Policy Meeting
2025-03-26,15:00,GBP,H,united kingdom Spring Forecast Statement
2025-03-26,16:20,EUR,M,france France Jobseekers Total  (Feb)
2025-03-26,17:30,USD,M,united states Core Durable Goods Orders (MoM)  (Feb)
2025-03-26,17:30,USD,H,united states Durable Goods Orders (MoM)  (Feb)
2025-03-26,17:30,CAD,M,canada Wholesale Sales (MoM)  (Feb)
2025-03-26,19:00,USD,M,united states FOMC Member Kashkari Speaks
2025-03-26,19:30,USD,M,united states Atlanta Fed GDPNow  (Q1)
2025-03-26,19:30,USD,H,united states Crude Oil Inventories
2025-03-26,19:30,USD,M,united states Cushing Crude Oil Inventories
2025-03-26,22:00,USD,M,united states 5-Year Note Auction
2025-03-27,06:00,USD,H,united states U.S. President Trump Speaks
2025-03-27,14:00,EUR,M,germany German Buba Vice President Buch Speaks
2025-03-27,14:00,NOK,M,norway Interest Rate Decision
2025-03-27,15:00,EUR,M,euro zone EU Economic Forecasts
2025-03-27,17:30,USD,M,united states Continuing Jobless Claims
2025-03-27,17:30,USD,M,united states Core PCE Prices  (Q4)
2025-03-27,17:30,USD,H,united states GDP (QoQ)  (Q4)
2025-03-27,17:30,USD,M,united states GDP Price Index (QoQ)  (Q4)
2025-03-27,17:30,USD,M,united states Goods Trade Balance  (Feb)
2025-03-27,17:30,USD,H,united states Initial Jobless Claims
2025-03-27,17:30,USD,M,united states Retail Inventories Ex Auto  (Feb)
2025-03-27,18:00,EUR,M,euro zone ECB's De Guindos Speaks
2025-03-27,19:00,USD,M,united states Pending Home Sales (MoM)  (Feb)
2025-03-27,22:00,USD,M,united states 7-Year Note Auction
2025-03-27,22:40,EUR,M,euro zone ECB's Schnabel Speaks
2025-03-27,23:05,EUR,M,euro zone ECB President Lagarde Speaks
2025-03-28,00:00,MXN,M,mexico Interest Rate Decision  (Mar)
2025-03-28,01:30,USD,M,united states Fed's Balance Sheet
2025-03-28,04:30,JPY,M,japan Tokyo Core CPI (YoY)  (Mar)
2025-03-28,12:00,GBP,M,united kingdom Business Investment (QoQ)  (Q4)
2025-03-28,12:00,GBP,M,united kingdom Core Retail Sales (YoY)  (Feb)
2025-03-28,12:00,GBP,M,united kingdom Core Retail Sales (MoM)  (Feb)
2025-03-28,12:00,GBP,M,united kingdom Current Account  (Q4)
2025-03-28,12:00,GBP,H,united kingdom GDP (YoY)  (Q4)
2025-03-28,12:00,GBP,H,united kingdom GDP (QoQ)  (Q4)
2025-03-28,12:00,GBP,M,united kingdom Retail Sales (MoM)  (Feb)
2025-03-28,12:00,GBP,M,united kingdom Retail Sales (YoY)  (Feb)
2025-03-28,12:00,GBP,M,united kingdom Trade Balance  (Jan)
2025-03-28,12:00,GBP,M,united kingdom Trade Balance Non-EU  (Jan)
2025-03-28,12:00,EUR,M,germany GfK German Consumer Climate  (Apr)
2025-03-28,12:45,EUR,M,france French Consumer Spending (MoM)  (Feb)
2025-03-28,12:45,EUR,M,france French CPI (MoM)  (Mar)
2025-03-28,12:45,EUR,M,france French HICP (MoM)  (Mar)
2025-03-28,13:00,CHF,M,switzerland KOF Leading Indicators  (Mar)
2025-03-28,13:00,EUR,M,spain Spanish CPI (YoY)  (Mar)
2025-03-28,13:00,EUR,M,spain Spanish HICP (YoY)  (Mar)
2025-03-28,13:30,EUR,M,euro zone ECB's De Guindos Speaks
2025-03-28,13:55,EUR,M,germany German Unemployment Change  (Mar)
2025-03-28,13:55,EUR,M,germany German Unemployment Rate  (Mar)
2025-03-28,15:30,EUR,M,italy Italian 10-Year BTP Auction
2025-03-28,17:00,BRL,M,brazil Unemployment Rate  (Feb)
2025-03-28,17:30,USD,H,united states Core PCE Price Index (YoY)  (Feb)
2025-03-28,17:30,USD,H,united states Core PCE Price Index (MoM)  (Feb)
2025-03-28,17:30,USD,M,united states PCE Price index (YoY)  (Feb)
2025-03-28,17:30,USD,M,united states PCE price index (MoM)  (Feb)
2025-03-28,17:30,USD,M,united states Personal Spending (MoM)  (Feb)
2025-03-28,17:30,CAD,M,canada GDP (MoM)  (Jan)
2025-03-28,17:31,CAD,M,canada GDP (MoM)  (Feb)
2025-03-28,18:00,EUR,M,germany German Buba President Nagel Speaks
2025-03-28,19:00,USD,M,united states Michigan 1-Year Inflation Expectations  (Mar)
2025-03-28,19:00,USD,M,united states Michigan 5-Year Inflation Expectations  (Mar)
2025-03-28,19:00,USD,M,united states Michigan Consumer Expectations  (Mar)
2025-03-28,19:00,USD,M,united states Michigan Consumer Sentiment  (Mar)
2025-03-28,20:30,USD,M,united states Atlanta Fed GDPNow  (Q1)
2025-03-28,21:15,USD,M,united states Fed Vice Chair for Supervision Barr Speaks
2025-03-28,22:00,USD,M,united states U.S. Baker Hughes Oil Rig Count
2025-03-28,22:00,USD,M,united states U.S. Baker Hughes Total Rig Count
2025-03-29,00:30,GBP,M,united kingdom CFTC GBP speculative net positions
2025-03-29,00:30,USD,M,united states CFTC Crude Oil speculative net positions
2025-03-29,00:30,USD,M,united states CFTC Gold speculative net positions
2025-03-29,00:30,USD,M,united states CFTC Nasdaq 100 speculative net positions
2025-03-29,00:30,USD,M,united states CFTC S&P 500 speculative net positions
2025-03-29,00:30,AUD,M,australia CFTC AUD speculative net positions
2025-03-29,00:30,BRL,M,brazil CFTC BRL speculative net positions
2025-03-29,00:30,JPY,M,japan CFTC JPY speculative net positions
2025-03-29,00:30,EUR,M,euro zone CFTC EUR speculative net positions
2025-03-29,00:45,USD,M,united states FOMC Member Bostic Speaks
2025-03-29,01:30,RUB,M,russia CFTC RUB speculative positions
2025-03-31,05:50,JPY,M,japan Industrial Production (MoM)  (Feb)
2025-03-31,07:30,CNY,M,china Chinese Composite PMI  (Mar)
2025-03-31,07:30,CNY,H,china Manufacturing PMI  (Mar)
2025-03-31,07:30,CNY,M,china Non-Manufacturing PMI  (Mar)
2025-03-31,12:00,EUR,M,germany German Retail Sales (MoM)  (Feb)
2025-03-31,18:00,EUR,H,germany German CPI (MoM)  (Mar)
2025-03-31,18:00,EUR,M,germany German CPI (YoY)  (Mar)
2025-03-31,19:45,USD,H,united states Chicago PMI  (Mar)
2025-04-01,05:50,JPY,M,japan Tankan All Big Industry CAPEX  (Q1)
2025-04-01,05:50,JPY,M,japan Tankan Big Manufacturing Outlook Index  (Q1)
2025-04-01,05:50,JPY,M,japan Tankan Large Manufacturers Index  (Q1)
2025-04-01,05:50,JPY,M,japan Tankan Large Non-Manufacturers Index  (Q1)
2025-04-01,06:30,AUD,M,australia Retail Sales (MoM)  (Feb)
2025-04-01,09:30,AUD,H,australia RBA Interest Rate Decision  (Apr)
2025-04-01,09:30,AUD,M,australia RBA Rate Statement
2025-04-01,12:00,GBP,M,united kingdom Nationwide HPI (YoY)  (Mar)
2025-04-01,12:00,GBP,M,united kingdom Nationwide HPI (MoM)  (Mar)
2025-04-01,13:30,CHF,M,switzerland procure.ch Manufacturing PMI  (Mar)
2025-04-01,15:00,EUR,M,euro zone Core CPI (YoY)  (Mar)
2025-04-01,15:00,EUR,H,euro zone CPI (YoY)  (Mar)
2025-04-01,15:00,EUR,M,euro zone CPI (MoM)  (Mar)
2025-04-01,15:00,EUR,M,euro zone Unemployment Rate  (Feb)
2025-04-01,18:30,EUR,M,euro zone ECB President Lagarde Speaks
2025-04-01,20:00,USD,M,united states Construction Spending (MoM)  (Feb)
2025-04-01,20:00,USD,M,united states ISM Manufacturing Employment  (Mar)
2025-04-01,20:00,USD,H,united states ISM Manufacturing PMI  (Mar)
2025-04-01,20:00,USD,H,united states ISM Manufacturing Prices  (Mar)
2025-04-01,20:00,USD,H,united states JOLTS Job Openings  (Feb)
2025-04-01,22:30,EUR,M,euro zone ECB's Lane Speaks
2025-04-01,23:00,USD,M,united states Atlanta Fed GDPNow  (Q1)
2025-04-02,02:30,USD,M,united states API Weekly Crude Oil Stock
2025-04-02,05:25,AUD,M,australia RBA Assist Gov Kent Speaks
2025-04-02,06:30,AUD,M,australia Building Approvals (MoM)  (Feb)
2025-04-02,13:00,EUR,M,spain Spanish Unemployment Change  (Mar)
2025-04-02,13:00,BRL,M,brazil IPC-Fipe Inflation Index (MoM)  (Mar)
2025-04-02,15:40,EUR,M,germany German 10-Year Bund Auction
2025-04-02,16:30,EUR,M,euro zone ECB's Schnabel Speaks
2025-04-02,18:00,BRL,M,brazil Industrial Production (YoY)  (Feb)
2025-04-02,18:00,PLN,M,poland Interest Rate Decision  (Apr)
2025-04-02,18:15,USD,H,united states ADP Nonfarm Employment Change  (Mar)
2025-04-02,20:00,USD,M,united states Factory Orders (MoM)  (Feb)
2025-04-02,20:05,EUR,M,euro zone ECB's Lane Speaks
2025-04-02,20:30,USD,H,united states Crude Oil Inventories
2025-04-02,20:30,USD,M,united states Cushing Crude Oil Inventories
2025-04-02,22:00,RUB,M,russia Retail Sales (YoY)  (Feb)
2025-04-02,22:00,RUB,M,russia Unemployment Rate  (Feb)
2025-04-02,22:05,RUB,M,russia GDP Monthly (YoY)  (Feb)
2025-04-03,00:45,EUR,M,euro zone ECB President Lagarde Speaks
2025-04-03,02:00,USD,H,united states U.S. President Trump Speaks
2025-04-03,06:30,AUD,M,australia RBA Financial Stability Review
2025-04-03,06:30,AUD,M,australia Trade Balance  (Feb)
2025-04-03,09:35,JPY,M,japan 10-Year JGB Auction
2025-04-03,12:30,CHF,M,switzerland CPI (MoM)  (Mar)
2025-04-03,13:00,TRY,M,türkiye CPI (MoM)  (Mar)
2025-04-03,13:00,TRY,M,türkiye CPI (YoY)  (Mar)
2025-04-03,13:20,EUR,M,euro zone ECB's De Guindos Speaks
2025-04-03,16:00,USD,M,united states OPEC Meeting
2025-04-03,16:00,EUR,M,euro zone ECB's Schnabel Speaks
2025-04-03,17:30,EUR,M,euro zone ECB Publishes Account of Monetary Policy Meeting
2025-04-03,18:30,USD,M,united states Continuing Jobless Claims
2025-04-03,18:30,USD,M,united states Exports  (Feb)
2025-04-03,18:30,USD,M,united states Imports  (Feb)
2025-04-03,18:30,USD,H,united states Initial Jobless Claims
2025-04-03,18:30,USD,M,united states Trade Balance  (Feb)
2025-04-03,18:30,CAD,M,canada Trade Balance  (Feb)
2025-04-03,20:00,USD,M,united states ISM Non-Manufacturing Employment  (Mar)
2025-04-03,20:00,USD,H,united states ISM Non-Manufacturing PMI  (Mar)
2025-04-03,20:00,USD,H,united states ISM Non-Manufacturing Prices  (Mar)
2025-04-03,22:30,USD,M,united states Atlanta Fed GDPNow  (Q1)
2025-04-04,02:30,USD,M,united states Fed's Balance Sheet
2025-04-04,05:30,JPY,M,japan Household Spending (MoM)  (Feb)
2025-04-04,05:30,JPY,M,japan Household Spending (YoY)  (Feb)
2025-04-04,12:00,SEK,M,sweden CPI (YoY)  (Mar)
2025-04-04,12:00,SEK,M,sweden CPI (MoM)  (Mar)
2025-04-04,12:00,EUR,M,germany German Factory Orders (MoM)  (Feb)
2025-04-04,14:00,EUR,M,euro zone ECB's De Guindos Speaks
2025-04-04,18:30,USD,H,united states Average Hourly Earnings (MoM)  (Mar)
2025-04-04,18:30,USD,M,united states Average Hourly Earnings (YoY) (YoY)  (Mar)
2025-04-04,18:30,USD,H,united states Nonfarm Payrolls  (Mar)
2025-04-04,18:30,USD,M,united states Participation Rate  (Mar)
2025-04-04,18:30,USD,M,united states Private Nonfarm Payrolls  (Mar)
2025-04-04,18:30,USD,M,united states U6 Unemployment Rate  (Mar)
2025-04-04,18:30,USD,H,united states Unemployment Rate  (Mar)
2025-04-04,18:30,CAD,M,canada Employment Change  (Mar)
2025-04-04,18:30,CAD,M,canada Unemployment Rate  (Mar)
2025-04-04,21:25,USD,H,united states Fed Chair Powell Speaks
2025-04-04,22:00,USD,M,united states Fed Vice Chair for Supervision Barr Speaks
2025-04-04,22:45,USD,M,united states Fed Waller Speaks
2025-04-04,23:00,USD,M,united states U.S. Baker Hughes Oil Rig Count
2025-04-04,23:00,USD,M,united states U.S. Baker Hughes Total Rig Count
2025-04-05,01:30,GBP,M,united kingdom CFTC GBP speculative net positions
2025-04-05,01:30,USD,M,united states CFTC Crude Oil speculative net positions
2025-04-05,01:30,USD,M,united states CFTC Gold speculative net positions
2025-04-05,01:30,USD,M,united states CFTC Nasdaq 100 speculative net positions
2025-04-05,01:30,USD,M,united states CFTC S&P 500 speculative net positions
2025-04-05,01:30,AUD,M,australia CFTC AUD speculative net positions
2025-04-05,01:30,BRL,M,brazil CFTC BRL speculative net positions
2025-04-05,01:30,JPY,M,japan CFTC JPY speculative net positions
2025-04-05,01:30,EUR,M,euro zone CFTC EUR speculative net positions
2025-04-05,02:30,RUB,M,russia CFTC RUB speculative positions
2025-04-05,15:15,EUR,M,euro zone ECB's Schnabel Speaks
2025-04-07,12:00,GBP,M,united kingdom Halifax House Price Index (MoM)  (Mar)
2025-04-07,12:00,GBP,M,united kingdom Halifax House Price Index (YoY)  (Mar)
2025-04-07,12:00,EUR,M,germany German Industrial Production (MoM)  (Feb)
2025-04-07,12:00,EUR,M,germany German Trade Balance  (Feb)
2025-04-07,18:00,GBP,M,united kingdom Mortgage Rate (GBP)  (Mar)
2025-04-07,20:30,CAD,M,canada BoC Business Outlook Survey
2025-04-08,01:00,USD,M,united states Consumer Credit  (Feb)
2025-04-08,04:00,NZD,M,new zealand NZIER Business Confidence  (Q1)
2025-04-08,05:50,JPY,M,japan Adjusted Current Account  (Feb)
2025-04-08,05:50,JPY,M,japan Current Account n.s.a.  (Feb)
2025-04-08,07:30,AUD,M,australia NAB Business Confidence  (Mar)
2025-04-08,15:00,EUR,M,euro zone ECB's De Guindos Speaks
2025-04-08,17:30,BRL,M,brazil Gross Debt-to-GDP ratio (MoM)  (Feb)
2025-04-08,20:00,CAD,M,canada Ivey PMI  (Mar)
2025-04-08,22:00,USD,M,united states EIA Short-Term Energy Outlook
2025-04-08,23:00,USD,M,united states 3-Year Note Auction
2025-04-09,00:00,USD,M,united states FOMC Member Daly Speaks
2025-04-09,02:30,USD,M,united states API Weekly Crude Oil Stock
2025-04-09,07:30,AUD,M,australia Building Approvals (MoM)  (Feb)
2025-04-09,08:00,NZD,H,new zealand RBNZ Interest Rate Decision
2025-04-09,08:00,NZD,M,new zealand RBNZ Rate Statement
2025-04-09,10:30,INR,M,india Interest Rate Decision
2025-04-09,10:30,INR,M,india RBI MPC Meeting Minutes
2025-04-09,15:25,EUR,M,germany German Buba Balz Speaks
2025-04-09,18:00,MXN,M,mexico CPI (MoM)  (Mar)
2025-04-09,18:00,MXN,M,mexico CPI (YoY)  (Mar)
2025-04-09,18:00,BRL,M,brazil Retail Sales (MoM)  (Feb)
2025-04-09,18:00,BRL,M,brazil Retail Sales (YoY)  (Feb)
2025-04-09,20:30,USD,H,united states Crude Oil Inventories
2025-04-09,20:30,USD,M,united states Cushing Crude Oil Inventories
2025-04-09,23:00,USD,H,united states 10-Year Note Auction
2025-04-10,00:00,USD,H,united states FOMC Meeting Minutes
2025-04-10,07:30,CNY,M,china CPI (MoM)  (Mar)
2025-04-10,07:30,CNY,M,china CPI (YoY)  (Mar)
2025-04-10,07:30,CNY,M,china PPI (YoY)  (Mar)
2025-04-10,14:30,GBP,M,united kingdom BOE Credit Conditions Survey
2025-04-10,15:15,EUR,M,euro zone ECB Supervisory Board Member Tuominen Speaks
2025-04-10,18:00,EUR,M,germany German Buba Vice President Buch Speaks
2025-04-10,18:30,USD,M,united states Continuing Jobless Claims
2025-04-10,18:30,USD,H,united states Core CPI (MoM)  (Mar)
2025-04-10,18:30,USD,M,united states Core CPI (YoY)  (Mar)
2025-04-10,18:30,USD,H,united states CPI (YoY)  (Mar)
2025-04-10,18:30,USD,H,united states CPI (MoM)  (Mar)
2025-04-10,18:30,USD,H,united states Initial Jobless Claims
2025-04-10,18:30,CAD,M,canada Building Permits (MoM)  (Feb)
2025-04-10,20:00,USD,M,united states FOMC Member Bowman Speaks
2025-04-10,21:00,MXN,M,mexico Monetary Policy Meeting Minutes
2025-04-10,22:00,USD,M,united states WASDE Report
2025-04-10,22:30,USD,M,united states FOMC Member Harker Speaks
2025-04-10,23:00,USD,H,united states 30-Year Bond Auction
2025-04-11,00:00,USD,M,united states Federal Budget Balance  (Mar)
2025-04-11,02:30,USD,M,united states Fed's Balance Sheet
2025-04-11,04:30,NZD,M,new zealand Business NZ PMI  (Mar)
2025-04-11,12:00,GBP,H,united kingdom GDP (MoM)  (Feb)
2025-04-11,12:00,GBP,M,united kingdom Industrial Production (MoM)  (Feb)
2025-04-11,12:00,GBP,M,united kingdom Manufacturing Production (MoM)  (Feb)
2025-04-11,12:00,GBP,M,united kingdom Monthly GDP 3M/3M Change  (Feb)
2025-04-11,12:00,GBP,M,united kingdom Trade Balance  (Feb)
2025-04-11,12:00,GBP,M,united kingdom Trade Balance Non-EU  (Feb)
2025-04-11,12:00,SEK,M,sweden CPI (YoY)  (Mar)
2025-04-11,12:00,SEK,M,sweden CPI (MoM)  (Mar)
2025-04-11,12:00,EUR,H,germany German CPI (MoM)  (Mar)
2025-04-11,12:00,EUR,M,germany German CPI (YoY)  (Mar)
2025-04-11,13:00,CHF,M,switzerland SECO Consumer Climate
2025-04-11,13:00,EUR,M,spain Spanish CPI (YoY)  (Mar)
2025-04-11,13:00,EUR,M,spain Spanish HICP (YoY)  (Mar)
2025-04-11,13:00,TRY,M,türkiye Turkish Retail Sales (MoM)  (Feb)
2025-04-11,13:00,TRY,M,türkiye Turkish Retail Sales (YoY)  (Feb)
2025-04-11,15:10,EUR,M,italy Italian 10-Year BTP Auction
2025-04-11,15:45,EUR,M,euro zone ECB President Lagarde Speaks
2025-04-11,16:00,EUR,M,euro zone Eurogroup Meetings
2025-04-11,16:30,GBP,M,united kingdom NIESR Monthly GDP Tracker  (Mar)
2025-04-11,18:00,BRL,M,brazil CPI (YoY)  (Mar)
2025-04-11,18:30,USD,M,united states Core PPI (MoM)  (Mar)
2025-04-11,18:30,USD,H,united states PPI (MoM)  (Mar)
2025-04-11,20:00,USD,M,united states Michigan 1-Year Inflation Expectations  (Apr)
2025-04-11,20:00,USD,M,united states Michigan 5-Year Inflation Expectations  (Apr)
2025-04-11,20:00,USD,M,united states Michigan Consumer Expectations  (Apr)
2025-04-11,20:00,USD,M,united states Michigan Consumer Sentiment  (Apr)
2025-04-11,21:00,USD,M,united states FOMC Member Williams Speaks
2025-04-11,22:00,RUB,M,russia CPI (YoY)  (Mar)
2025-04-11,22:00,RUB,M,russia CPI (MoM)  (Mar)
2025-04-11,22:00,RUB,M,russia GDP Quarterly (YoY)  (Q4)
2025-04-11,23:00,USD,M,united states U.S. Baker Hughes Oil Rig Count
2025-04-11,23:00,USD,M,united states U.S. Baker Hughes Total Rig Count
2025-04-12,01:30,GBP,M,united kingdom CFTC GBP speculative net positions
2025-04-12,01:30,USD,M,united states CFTC Crude Oil speculative net positions
2025-04-12,01:30,USD,M,united states CFTC Gold speculative net positions
2025-04-12,01:30,USD,M,united states CFTC Nasdaq 100 speculative net positions
2025-04-12,01:30,USD,M,united states CFTC S&P 500 speculative net positions
2025-04-12,01:30,AUD,M,australia CFTC AUD speculative net positions
2025-04-12,01:30,BRL,M,brazil CFTC BRL speculative net positions
2025-04-12,01:30,JPY,M,japan CFTC JPY speculative net positions
2025-04-12,01:30,EUR,M,euro zone CFTC EUR speculative net positions
2025-04-12,02:30,RUB,M,russia CFTC RUB speculative positions
2025-04-12,16:00,EUR,M,euro zone Eurogroup Meetings
2025-04-13,15:00,CNY,M,china New Loans  (Mar)
2025-04-14,04:45,NZD,M,new zealand Electronic Card Retail Sales (MoM)  (Mar)
2025-04-14,09:00,CNY,M,china Exports (YoY)  (Mar)
2025-04-14,09:00,CNY,M,china Imports (YoY)  (Mar)
2025-04-14,09:00,CNY,M,china Trade Balance (USD)  (Mar)
2025-04-14,10:30,JPY,M,japan Industrial Production (MoM)  (Feb)
2025-04-14,12:30,CHF,M,switzerland PPI (MoM)  (Mar)
2025-04-14,17:00,USD,M,united states OPEC Monthly Report
2025-04-14,18:30,CAD,M,canada Wholesale Sales (MoM)  (Feb)
2025-04-14,21:00,USD,M,united states NY Fed 1-Year Consumer Inflation Expectations  (Mar)
2025-04-14,23:00,USD,M,united states Fed Waller Speaks
2025-04-15,04:00,USD,M,united states FOMC Member Harker Speaks
2025-04-15,05:01,GBP,M,united kingdom BRC Retail Sales Monitor (YoY)  (Mar)
2025-04-15,05:40,USD,M,united states FOMC Member Bostic Speaks
2025-04-15,07:30,AUD,M,australia RBA Meeting Minutes
2025-04-15,12:00,GBP,M,united kingdom Average Earnings Index +Bonus  (Feb)
2025-04-15,12:00,GBP,M,united kingdom Claimant Count Change  (Mar)
2025-04-15,12:00,GBP,M,united kingdom Employment Change 3M/3M (MoM)  (Feb)
2025-04-15,12:00,GBP,M,united kingdom Unemployment Rate  (Feb)
2025-04-15,12:30,INR,M,india WPI Inflation (YoY)  (Mar)
2025-04-15,12:45,EUR,M,france French CPI (MoM)  (Mar)
2025-04-15,12:45,EUR,M,france French HICP (MoM)  (Mar)
2025-04-15,14:00,USD,M,united states IEA Monthly Report
2025-04-15,15:00,EUR,M,germany German ZEW Current Conditions  (Apr)
2025-04-15,15:00,EUR,M,germany German ZEW Economic Sentiment  (Apr)
2025-04-15,15:00,EUR,M,euro zone Industrial Production (MoM)  (Feb)
2025-04-15,15:00,EUR,M,euro zone ZEW Economic Sentiment  (Apr)
2025-04-15,16:30,INR,M,india CPI (YoY)  (Mar)
2025-04-15,18:15,CAD,M,canada Housing Starts  (Mar)
2025-04-15,18:30,USD,M,united states Export Price Index (MoM)  (Mar)
2025-04-15,18:30,USD,M,united states Import Price Index (MoM)  (Mar)
2025-04-15,18:30,USD,M,united states NY Empire State Manufacturing Index  (Apr)
2025-04-15,18:30,CAD,M,canada Core CPI (MoM)  (Mar)
2025-04-15,18:30,CAD,M,canada Core CPI (YoY)  (Mar)
2025-04-15,18:30,CAD,M,canada CPI (MoM)  (Mar)
2025-04-15,22:00,EUR,M,euro zone ECB President Lagarde Speaks
2025-04-16,02:30,USD,M,united states API Weekly Crude Oil Stock
2025-04-16,08:00,CNY,M,china Fixed Asset Investment (YoY)  (Mar)
2025-04-16,08:00,CNY,M,china GDP (QoQ)  (Q1)
2025-04-16,08:00,CNY,H,china GDP (YoY)  (Q1)
2025-04-16,08:00,CNY,M,china Chinese GDP YTD  (YoY)  (Q1)
2025-04-16,08:00,CNY,M,china Industrial Production (YoY)  (Mar)
2025-04-16,08:00,CNY,M,china Chinese Industrial Production YTD  (YoY)  (Mar)
2025-04-16,08:00,CNY,M,china Chinese Unemployment Rate  (Mar)
2025-04-16,08:00,CNY,M,china NBS Press Conference
2025-04-16,12:00,GBP,H,united kingdom CPI (YoY)  (Mar)
2025-04-16,12:00,GBP,M,united kingdom CPI (MoM)  (Mar)
2025-04-16,15:00,EUR,M,euro zone Core CPI (YoY)  (Mar)
2025-04-16,15:00,EUR,H,euro zone CPI (YoY)  (Mar)
2025-04-16,15:00,EUR,M,euro zone CPI (MoM)  (Mar)
2025-04-16,18:30,USD,H,united states Core Retail Sales (MoM)  (Mar)
2025-04-16,18:30,USD,M,united states Retail Control (MoM)  (Mar)
2025-04-16,18:30,USD,H,united states Retail Sales (MoM)  (Mar)
2025-04-16,19:15,USD,M,united states Industrial Production (YoY)  (Mar)
2025-04-16,19:15,USD,M,united states Industrial Production (MoM)  (Mar)
2025-04-16,19:45,CAD,M,canada BoC Monetary Policy Report
2025-04-16,19:45,CAD,M,canada BoC Rate Statement
2025-04-16,19:45,CAD,H,canada BoC Interest Rate Decision
2025-04-16,20:00,USD,M,united states Business Inventories (MoM)  (Feb)
2025-04-16,20:00,USD,M,united states Retail Inventories Ex Auto  (Feb)
2025-04-16,20:30,USD,H,united states Crude Oil Inventories
2025-04-16,20:30,USD,M,united states Cushing Crude Oil Inventories
2025-04-16,20:30,CAD,M,canada BOC Press Conference
2025-04-16,23:00,USD,M,united states 20-Year Bond Auction
2025-04-16,23:00,USD,M,united states Atlanta Fed GDPNow  (Q1)
2025-04-16,23:30,USD,H,united states Fed Chair Powell Speaks
2025-04-17,02:00,USD,M,united states TIC Net Long-Term Transactions  (Feb)
2025-04-17,04:45,NZD,M,new zealand CPI (YoY)  (Q1)
2025-04-17,04:45,NZD,M,new zealand CPI (QoQ)  (Q1)
2025-04-17,05:50,JPY,M,japan Adjusted Trade Balance
2025-04-17,05:50,JPY,M,japan Exports (YoY)  (Mar)
2025-04-17,05:50,JPY,M,japan Trade Balance  (Mar)
2025-04-17,07:30,AUD,M,australia Employment Change  (Mar)
2025-04-17,07:30,AUD,M,australia Full Employment Change  (Mar)
2025-04-17,07:30,AUD,M,australia Unemployment Rate  (Mar)
2025-04-17,07:30,JPY,M,japan BoJ Board Member Nakagawa Speaks
2025-04-17,12:00,EUR,M,germany German PPI (MoM)  (Mar)
2025-04-17,14:30,GBP,M,united kingdom BOE Credit Conditions Survey
2025-04-17,17:00,TRY,M,türkiye One-Week Repo Rate  (Apr)
2025-04-17,18:15,EUR,H,euro zone Deposit Facility Rate  (Apr)
2025-04-17,18:15,EUR,M,euro zone ECB Marginal Lending Facility
2025-04-17,18:15,EUR,M,euro zone ECB Monetary Policy Statement
2025-04-17,18:15,EUR,H,euro zone ECB Interest Rate Decision  (Apr)
2025-04-17,18:30,USD,M,united states Building Permits  (Mar)
2025-04-17,18:30,USD,M,united states Continuing Jobless Claims
2025-04-17,18:30,USD,M,united states Housing Starts  (Mar)
2025-04-17,18:30,USD,M,united states Housing Starts (MoM)  (Mar)
2025-04-17,18:30,USD,H,united states Initial Jobless Claims
2025-04-17,18:30,USD,H,united states Philadelphia Fed Manufacturing Index  (Apr)
2025-04-17,18:30,USD,M,united states Philly Fed Employment  (Apr)
2025-04-17,18:30,CAD,M,canada Foreign Securities Purchases  (Feb)
2025-04-17,18:45,EUR,H,euro zone ECB Press Conference
2025-04-17,20:15,EUR,M,euro zone ECB President Lagarde Speaks
2025-04-17,20:30,USD,M,united states Atlanta Fed GDPNow  (Q1)
2025-04-17,21:30,USD,M,united states 5-Year TIPS Auction
2025-04-17,21:45,USD,M,united states Fed Vice Chair for Supervision Barr Speaks
2025-04-17,23:00,USD,M,united states U.S. Baker Hughes Oil Rig Count
2025-04-17,23:00,USD,M,united states U.S. Baker Hughes Total Rig Count
2025-04-18,02:30,USD,M,united states Fed's Balance Sheet
2025-04-18,05:30,JPY,M,japan National Core CPI (YoY)  (Mar)
2025-04-18,05:30,JPY,M,japan National CPI (MoM)  (Mar)
2025-04-18,10:00,MYR,M,malaysia GDP (YoY)  (Q1)
2025-04-18,21:00,USD,M,united states FOMC Member Daly Speaks
2025-04-19,01:30,GBP,M,united kingdom CFTC GBP speculative net positions
2025-04-19,01:30,USD,M,united states CFTC Crude Oil speculative net positions
2025-04-19,01:30,USD,M,united states CFTC Gold speculative net positions
2025-04-19,01:30,USD,M,united states CFTC Nasdaq 100 speculative net positions
2025-04-19,01:30,USD,M,united states CFTC S&P 500 speculative net positions
2025-04-19,01:30,AUD,M,australia CFTC AUD speculative net positions
2025-04-19,01:30,BRL,M,brazil CFTC BRL speculative net positions
2025-04-19,01:30,JPY,M,japan CFTC JPY speculative net positions
2025-04-19,01:30,EUR,M,euro zone CFTC EUR speculative net positions
2025-04-19,02:30,RUB,M,russia CFTC RUB speculative positions
2025-04-21,07:15,CNY,M,china China Loan Prime Rate 5Y  (Apr)
2025-04-21,07:15,CNY,M,china PBoC Loan Prime Rate
2025-04-21,20:00,USD,M,united states US Leading Index (MoM)  (Mar)
2025-04-22,11:00,JPY,M,japan BoJ Core CPI (YoY)
2025-04-22,18:30,CAD,M,canada RMPI (MoM)  (Mar)
2025-04-22,19:30,USD,M,united states FOMC Member Harker Speaks
2025-04-22,20:00,EUR,M,euro zone ECB President Lagarde Speaks
2025-04-22,23:00,USD,M,united states 2-Year Note Auction
2025-04-22,23:00,EUR,M,euro zone ECB's De Guindos Speaks
2025-04-23,00:00,USD,M,united states FOMC Member Kashkari Speaks
2025-04-23,02:30,USD,M,united states API Weekly Crude Oil Stock
2025-04-23,10:00,MYR,M,malaysia CPI (YoY)  (Mar)
2025-04-23,11:00,SGD,M,singapore Core CPI (YoY)  (Mar)
2025-04-23,11:00,SGD,M,singapore CPI (YoY)  (Mar)
2025-04-23,13:30,IDR,M,indonesia Interest Rate Decision
2025-04-23,15:00,EUR,M,euro zone Trade Balance  (Feb)
2025-04-23,15:30,EUR,M,germany German 10-Year Bund Auction
2025-04-23,16:30,GBP,M,united kingdom BoE MPC Member Pill Speaks
2025-04-23,17:30,USD,M,united states Building Permits  (Mar)
2025-04-23,17:30,INR,M,india RBI MPC Meeting Minutes
2025-04-23,18:30,CAD,M,canada New Housing Price Index (MoM)  (Mar)
2025-04-23,19:30,USD,M,united states Fed Waller Speaks
2025-04-23,20:00,USD,M,united states New Home Sales (MoM)  (Mar)
2025-04-23,20:00,USD,H,united states New Home Sales  (Mar)
2025-04-23,20:30,USD,H,united states Crude Oil Inventories
2025-04-23,20:30,USD,M,united states Cushing Crude Oil Inventories
2025-04-23,22:30,GBP,M,united kingdom BoE Gov Bailey Speaks
2025-04-23,23:00,USD,M,united states 5-Year Note Auction
2025-04-24,00:00,USD,M,united states Beige Book
2025-04-24,01:15,EUR,M,euro zone ECB's Lane Speaks
2025-04-24,14:00,EUR,M,germany German Business Expectations  (Apr)
2025-04-24,14:00,EUR,M,germany German Current Assessment  (Apr)
2025-04-24,14:00,EUR,M,germany German Ifo Business Climate Index  (Apr)
2025-04-24,18:00,EUR,M,germany German Buba President Nagel Speaks
2025-04-24,18:30,USD,M,united states Continuing Jobless Claims
2025-04-24,18:30,USD,M,united states Core Durable Goods Orders (MoM)  (Mar)
2025-04-24,18:30,USD,H,united states Durable Goods Orders (MoM)  (Mar)
2025-04-24,18:30,USD,H,united states Initial Jobless Claims
2025-04-24,19:00,EUR,M,euro zone ECB's Lane Speaks
2025-04-24,20:00,USD,M,united states Existing Home Sales (MoM)  (Mar)
2025-04-24,20:00,USD,H,united states Existing Home Sales  (Mar)
2025-04-24,23:00,USD,M,united states 7-Year Note Auction
2025-04-24,23:00,USD,M,united states Atlanta Fed GDPNow  (Q1)
2025-04-25,02:30,USD,M,united states Fed's Balance Sheet
2025-04-25,03:00,USD,M,united states FOMC Member Kashkari Speaks
2025-04-25,05:30,JPY,M,japan Tokyo Core CPI (YoY)  (Apr)
2025-04-25,12:00,GBP,M,united kingdom Core Retail Sales (YoY)  (Mar)
2025-04-25,12:00,GBP,M,united kingdom Core Retail Sales (MoM)  (Mar)
2025-04-25,12:00,GBP,M,united kingdom Retail Sales (YoY)  (Mar)
2025-04-25,12:00,GBP,M,united kingdom Retail Sales (MoM)  (Mar)
2025-04-25,16:30,RUB,M,russia Interest Rate Decision  (Apr)
2025-04-25,18:00,RUB,M,russia CBR Press Conference
2025-04-25,18:30,CAD,M,canada Core Retail Sales (MoM)  (Feb)
2025-04-25,18:30,CAD,M,canada Retail Sales (MoM)  (Feb)
2025-04-25,18:31,CAD,M,canada Retail Sales (MoM)  (Mar)
2025-04-25,20:00,USD,M,united states Michigan 1-Year Inflation Expectations  (Apr)
2025-04-25,20:00,USD,M,united states Michigan 5-Year Inflation Expectations  (Apr)
2025-04-25,20:00,USD,M,united states Michigan Consumer Expectations  (Apr)
2025-04-25,20:00,USD,M,united states Michigan Consumer Sentiment  (Apr)
2025-04-25,20:00,EUR,M,germany German Buba Vice President Buch Speaks
2025-04-25,23:00,USD,M,united states U.S. Baker Hughes Oil Rig Count
2025-04-25,23:00,USD,M,united states U.S. Baker Hughes Total Rig Count
2025-04-26,01:30,GBP,M,united kingdom CFTC GBP speculative net positions
2025-04-26,01:30,USD,M,united states CFTC Crude Oil speculative net positions
2025-04-26,01:30,USD,M,united states CFTC Gold speculative net positions
2025-04-26,01:30,USD,M,united states CFTC Nasdaq 100 speculative net positions
2025-04-26,01:30,USD,M,united states CFTC S&P 500 speculative net positions
2025-04-26,01:30,AUD,M,australia CFTC AUD speculative net positions
2025-04-26,01:30,BRL,M,brazil CFTC BRL speculative net positions
2025-04-26,01:30,JPY,M,japan CFTC JPY speculative net positions
2025-04-26,01:30,EUR,M,euro zone CFTC EUR speculative net positions
2025-04-26,02:30,RUB,M,russia CFTC RUB speculative positions
2025-04-28,16:00,EUR,M,france France Jobseekers Total  (Mar)
2025-04-28,18:00,CAD,M,canada Canadian Federal Election
2025-04-28,18:30,CAD,M,canada Wholesale Sales (MoM)  (Mar)
2025-04-28,19:00,EUR,M,euro zone ECB's De Guindos Speaks
2025-04-28,22:00,EUR,M,germany German Buba Mauderer Speaks
2025-04-29,08:05,AUD,M,australia RBA Assist Gov Kent Speaks
2025-04-29,12:00,SEK,M,sweden GDP (QoQ)  (Q1)
2025-04-29,12:00,SEK,M,sweden GDP (YoY)  (Q1)
2025-04-29,12:00,EUR,M,germany GfK German Consumer Climate  (May)
2025-04-29,13:00,EUR,M,spain Spanish CPI (YoY)  (Apr)
2025-04-29,13:00,EUR,M,spain Spanish GDP (QoQ)  (Q1)
2025-04-29,13:00,EUR,M,spain Spanish HICP (YoY)  (Apr)
2025-04-29,15:00,GBP,M,united kingdom BoE Deputy Governor Woods Speaks
2025-04-29,15:20,EUR,M,italy Italian 10-Year BTP Auction
2025-04-29,15:40,GBP,M,united kingdom MPC Member Ramsden Speaks
2025-04-29,18:30,USD,M,united states Goods Trade Balance  (Mar)
2025-04-29,18:30,USD,M,united states Retail Inventories Ex Auto  (Mar)
2025-04-29,19:00,USD,M,united states S&P/CS HPI Composite - 20 n.s.a. (YoY)  (Feb)
2025-04-29,19:00,USD,M,united states S&P/CS HPI Composite - 20 n.s.a. (MoM)  (Feb)
2025-04-29,20:00,USD,H,united states CB Consumer Confidence  (Apr)
2025-04-29,20:00,USD,H,united states JOLTS Job Openings  (Mar)
2025-04-29,20:30,USD,M,united states Atlanta Fed GDPNow  (Q1)
2025-04-30,02:30,USD,M,united states API Weekly Crude Oil Stock
2025-04-30,05:50,JPY,M,japan Industrial Production (MoM)  (Mar)
2025-04-30,07:30,AUD,M,australia CPI (QoQ)  (Q1)
2025-04-30,07:30,AUD,M,australia CPI (YoY)  (Q1)
2025-04-30,07:30,AUD,M,australia Trimmed Mean CPI (QoQ)  (Q1)
2025-04-30,07:30,CNY,M,china Chinese Composite PMI  (Apr)
2025-04-30,07:30,CNY,H,china Manufacturing PMI  (Apr)
2025-04-30,07:30,CNY,M,china Non-Manufacturing PMI  (Apr)
2025-04-30,11:30,EUR,M,france French Consumer Spending (MoM)  (Mar)
2025-04-30,11:30,EUR,M,france French GDP (YoY)  (Q1)
2025-04-30,11:30,EUR,M,france French GDP (QoQ)  (Q1)
2025-04-30,12:00,GBP,M,united kingdom Nationwide HPI (MoM)  (Apr)
2025-04-30,12:00,GBP,M,united kingdom Nationwide HPI (YoY)  (Apr)
2025-04-30,12:00,EUR,M,germany German Retail Sales (MoM)  (Mar)
2025-04-30,12:30,HUF,M,hungary GDP (YoY)  (Q1)
2025-04-30,12:45,EUR,M,france French CPI (MoM)  (Apr)
2025-04-30,12:45,EUR,M,france French HICP (MoM)  (Apr)
2025-04-30,13:00,CHF,M,switzerland KOF Leading Indicators  (Apr)
2025-04-30,13:00,THB,M,thailand Interest Rate Decision
2025-04-30,13:55,EUR,M,germany German Unemployment Change  (Apr)
2025-04-30,13:55,EUR,M,germany German Unemployment Rate  (Apr)
2025-04-30,14:00,EUR,H,germany German GDP (QoQ)  (Q1)
2025-04-30,14:00,EUR,M,germany German GDP (YoY)  (Q1)
2025-04-30,15:00,EUR,M,euro zone GDP (YoY)  (Q1)
2025-04-30,15:00,EUR,M,euro zone GDP (QoQ)  (Q1)
2025-04-30,17:30,BRL,M,brazil Gross Debt-to-GDP ratio (MoM)  (Mar)
2025-04-30,18:00,MXN,M,mexico GDP (QoQ)  (Q1)
2025-04-30,18:00,MXN,M,mexico GDP (YoY)  (Q1)
2025-04-30,18:00,EUR,H,germany German CPI (MoM)  (Apr)
2025-04-30,18:00,EUR,M,germany German CPI (YoY)  (Apr)
2025-04-30,18:00,BRL,M,brazil Unemployment Rate  (Mar)
2025-04-30,18:15,USD,H,united states ADP Nonfarm Employment Change  (Apr)
2025-04-30,18:30,USD,M,united states Core PCE Prices  (Q1)
2025-04-30,18:30,USD,M,united states Employment Cost Index (QoQ)  (Q1)
2025-04-30,18:30,USD,H,united states GDP (QoQ)  (Q1)
2025-04-30,18:30,USD,M,united states GDP Price Index (QoQ)  (Q1)
2025-04-30,18:30,CAD,M,canada GDP (MoM)  (Feb)
2025-04-30,18:31,CAD,M,canada GDP (MoM)  (Mar)
2025-04-30,19:45,USD,H,united states Chicago PMI  (Apr)
2025-04-30,20:00,USD,H,united states Core PCE Price Index (YoY)  (Mar)
2025-04-30,20:00,USD,H,united states Core PCE Price Index (MoM)  (Mar)
2025-04-30,20:00,USD,M,united states PCE price index (MoM)  (Mar)
2025-04-30,20:00,USD,M,united states PCE Price index (YoY)  (Mar)
2025-04-30,20:00,USD,M,united states Pending Home Sales (MoM)  (Mar)
2025-04-30,20:00,USD,M,united states Personal Spending (MoM)  (Mar)
2025-04-30,20:30,USD,H,united states Crude Oil Inventories
2025-04-30,20:30,USD,M,united states Cushing Crude Oil Inventories
2025-04-30,22:00,RUB,M,russia Retail Sales (YoY)  (Mar)
2025-04-30,22:00,RUB,M,russia Unemployment Rate  (Mar)
2025-04-30,22:05,RUB,M,russia GDP Monthly (YoY)  (Mar)
2025-04-30,22:30,USD,M,united states Atlanta Fed GDPNow  (Q2)
2025-05-01,06:00,GBP,M,united kingdom U.K. General Election
2025-05-01,06:00,USD,H,united states U.S. President Trump Speaks
2025-05-01,07:30,AUD,M,australia Trade Balance  (Mar)
2025-05-01,08:30,JPY,M,japan BoJ Monetary Policy Statement
2025-05-01,09:00,JPY,M,japan BoJ Outlook Report (YoY)
2025-05-01,09:00,JPY,H,japan BoJ Interest Rate Decision
2025-05-01,12:30,JPY,M,japan BoJ Press Conference
2025-05-01,18:30,USD,M,united states Continuing Jobless Claims
2025-05-01,18:30,USD,H,united states Initial Jobless Claims
2025-05-01,20:00,USD,M,united states Construction Spending (MoM)  (Mar)
2025-05-01,20:00,USD,M,united states ISM Manufacturing Employment  (Apr)
2025-05-01,20:00,USD,H,united states ISM Manufacturing PMI  (Apr)
2025-05-01,20:00,USD,H,united states ISM Manufacturing Prices  (Apr)
2025-05-01,22:00,USD,M,united states Atlanta Fed GDPNow  (Q2)
2025-05-02,02:30,USD,M,united states Fed's Balance Sheet
2025-05-02,07:30,AUD,M,australia PPI (YoY)  (Q1)
2025-05-02,07:30,AUD,M,australia PPI (QoQ)  (Q1)
2025-05-02,07:30,AUD,M,australia Retail Sales (MoM)  (Mar)
2025-05-02,13:30,CHF,M,switzerland procure.ch Manufacturing PMI  (Apr)
2025-05-02,14:00,EUR,M,euro zone ECB Economic Bulletin
2025-05-02,15:00,EUR,M,euro zone Core CPI (YoY)  (Apr)
2025-05-02,15:00,EUR,M,euro zone CPI (MoM)  (Apr)
2025-05-02,15:00,EUR,H,euro zone CPI (YoY)  (Apr)
2025-05-02,15:00,EUR,M,euro zone Unemployment Rate  (Mar)
2025-05-02,18:30,USD,H,united states Average Hourly Earnings (MoM)  (Apr)
2025-05-02,18:30,USD,M,united states Average Hourly Earnings (YoY) (YoY)  (Apr)
2025-05-02,18:30,USD,H,united states Nonfarm Payrolls  (Apr)
2025-05-02,18:30,USD,M,united states Participation Rate  (Apr)
2025-05-02,18:30,USD,M,united states Private Nonfarm Payrolls  (Apr)
2025-05-02,18:30,USD,M,united states U6 Unemployment Rate  (Apr)
2025-05-02,18:30,USD,H,united states Unemployment Rate  (Apr)
2025-05-02,20:00,USD,M,united states Factory Orders (MoM)  (Mar)
2025-05-02,23:00,USD,M,united states U.S. Baker Hughes Oil Rig Count
2025-05-02,23:00,USD,M,united states U.S. Baker Hughes Total Rig Count
2025-05-03,01:30,GBP,M,united kingdom CFTC GBP speculative net positions
2025-05-03,01:30,USD,M,united states CFTC Crude Oil speculative net positions
2025-05-03,01:30,USD,M,united states CFTC Gold speculative net positions
2025-05-03,01:30,USD,M,united states CFTC Nasdaq 100 speculative net positions
2025-05-03,01:30,USD,M,united states CFTC S&P 500 speculative net positions
2025-05-03,01:30,AUD,M,australia CFTC AUD speculative net positions
2025-05-03,01:30,BRL,M,brazil CFTC BRL speculative net positions
2025-05-03,01:30,JPY,M,japan CFTC JPY speculative net positions
2025-05-03,01:30,EUR,M,euro zone CFTC EUR speculative net positions
2025-05-03,02:30,RUB,M,russia CFTC RUB speculative positions
2025-05-03,16:00,USD,M,united states OPEC Meeting
2025-05-05,12:30,CHF,M,switzerland CPI (MoM)  (Apr)
2025-05-05,13:00,TRY,M,türkiye CPI (YoY)  (Apr)
2025-05-05,13:00,TRY,M,türkiye CPI (MoM)  (Apr)
2025-05-05,14:00,BRL,M,brazil IPC-Fipe Inflation Index (MoM)  (Apr)
2025-05-05,20:00,USD,M,united states ISM Non-Manufacturing Employment  (Apr)
2025-05-05,20:00,USD,H,united states ISM Non-Manufacturing PMI  (Apr)
2025-05-05,20:00,USD,H,united states ISM Non-Manufacturing Prices  (Apr)
2025-05-05,21:00,EUR,M,germany German Buba Mauderer Speaks
2025-05-05,23:00,USD,M,united states 3-Year Note Auction
2025-05-06,07:30,AUD,M,australia Building Approvals (MoM)  (Mar)
2025-05-06,13:00,EUR,M,spain Spanish Unemployment Change  (Apr)
2025-05-06,18:30,USD,M,united states Exports  (Mar)
2025-05-06,18:30,USD,M,united states Imports  (Mar)
2025-05-06,18:30,USD,M,united states Trade Balance  (Mar)
2025-05-06,18:30,CAD,M,canada Trade Balance  (Mar)
2025-05-06,20:00,CAD,M,canada Ivey PMI  (Apr)
2025-05-06,22:00,USD,M,united states EIA Short-Term Energy Outlook
2025-05-06,23:00,USD,H,united states 10-Year Note Auction
2025-05-06,23:00,USD,M,united states Atlanta Fed GDPNow  (Q2)
2025-05-07,02:30,USD,M,united states API Weekly Crude Oil Stock
2025-05-07,03:00,NZD,M,new zealand RBNZ Financial Stability Report
2025-05-07,05:00,NZD,M,new zealand RBNZ Gov Orr Speaks
2025-05-07,08:00,CNY,M,china PBoC Reserve Requirement Ratio
2025-05-07,12:00,SEK,M,sweden CPI (YoY)  (Apr)
2025-05-07,12:00,SEK,M,sweden CPI (MoM)  (Apr)
2025-05-07,12:00,EUR,M,germany German Factory Orders (MoM)  (Mar)
2025-05-07,18:00,BRL,M,brazil Industrial Production (YoY)  (Mar)
2025-05-07,18:00,PLN,M,poland Interest Rate Decision  (May)
2025-05-07,20:30,USD,H,united states Crude Oil Inventories
2025-05-07,20:30,USD,M,united states Cushing Crude Oil Inventories
2025-05-08,00:00,USD,H,united states FOMC Statement
2025-05-08,00:00,USD,H,united states Fed Interest Rate Decision
2025-05-08,00:30,USD,H,united states FOMC Press Conference
2025-05-08,01:00,USD,M,united states Consumer Credit  (Mar)
2025-05-08,03:30,BRL,M,brazil Interest Rate Decision
2025-05-08,05:50,JPY,M,japan Monetary Policy Meeting Minutes
2025-05-08,09:35,JPY,M,japan 10-Year JGB Auction
2025-05-08,12:00,GBP,M,united kingdom Halifax House Price Index (YoY)  (Apr)
2025-05-08,12:00,GBP,M,united kingdom Halifax House Price Index (MoM)  (Apr)
2025-05-08,12:00,EUR,M,germany German Industrial Production (MoM)  (Mar)
2025-05-08,12:00,EUR,M,germany German Trade Balance  (Mar)
2025-05-08,13:00,MYR,M,malaysia Interest Rate
2025-05-08,13:30,SEK,M,sweden Interest Rate Decision
2025-05-08,14:00,NOK,M,norway Interest Rate Decision
2025-05-08,14:30,GBP,M,united kingdom Mortgage Rate (GBP)  (Apr)
2025-05-08,15:40,EUR,M,germany German Buba Balz Speaks
2025-05-08,17:00,GBP,M,united kingdom BoE MPC Meeting Minutes
2025-05-08,17:02,GBP,M,united kingdom BoE MPC vote cut  (May)
2025-05-08,17:02,GBP,M,united kingdom BoE MPC vote hike  (May)
2025-05-08,17:02,GBP,M,united kingdom BoE MPC vote unchanged  (May)
2025-05-08,17:02,GBP,H,united kingdom BoE Interest Rate Decision  (May)
2025-05-08,18:00,GBP,M,united kingdom BOE Inflation Letter
2025-05-08,18:00,MXN,M,mexico CPI (YoY)  (Apr)
2025-05-08,18:00,MXN,M,mexico CPI (MoM)  (Apr)
2025-05-08,18:30,USD,M,united states Continuing Jobless Claims
2025-05-08,18:30,USD,H,united states Initial Jobless Claims
2025-05-08,18:30,USD,M,united states Nonfarm Productivity (QoQ)  (Q1)
2025-05-08,18:30,USD,M,united states Unit Labor Costs (QoQ)  (Q1)
2025-05-08,19:00,EUR,M,euro zone ECB Supervisory Board Member Tuominen Speaks
2025-05-08,19:15,GBP,M,united kingdom BoE Gov Bailey Speaks
2025-05-08,21:30,USD,M,united states Atlanta Fed GDPNow  (Q2)
2025-05-08,23:00,USD,H,united states 30-Year Bond Auction
2025-05-09,02:30,USD,M,united states Fed's Balance Sheet
2025-05-09,05:30,JPY,M,japan Household Spending (MoM)  (Mar)
2025-05-09,05:30,JPY,M,japan Household Spending (YoY)  (Mar)
2025-05-09,09:00,CNY,M,china Exports (YoY)  (Apr)
2025-05-09,09:00,CNY,M,china Imports (YoY)  (Apr)
2025-05-09,09:00,CNY,M,china Trade Balance (USD)  (Apr)
2025-05-09,13:00,CHF,M,switzerland SECO Consumer Climate  (Q2)
2025-05-09,14:40,GBP,M,united kingdom BoE Gov Bailey Speaks
2025-05-09,15:55,USD,M,united states Fed Vice Chair for Supervision Barr Speaks
2025-05-09,16:15,USD,M,united states FOMC Member Williams Speaks
2025-05-09,17:15,GBP,M,united kingdom BoE MPC Member Pill Speaks
2025-05-09,18:00,BRL,M,brazil CPI (YoY)  (Apr)
2025-05-09,18:30,USD,M,united states FOMC Member Williams Speaks
2025-05-09,18:30,CAD,M,canada Employment Change  (Apr)
2025-05-09,18:30,CAD,M,canada Unemployment Rate  (Apr)
2025-05-09,21:30,USD,M,united states Fed Waller Speaks
2025-05-09,21:30,USD,M,united states FOMC Member Williams Speaks
2025-05-09,23:00,USD,M,united states U.S. Baker Hughes Oil Rig Count
2025-05-09,23:00,USD,M,united states U.S. Baker Hughes Total Rig Count
2025-05-10,01:30,GBP,M,united kingdom CFTC GBP speculative net positions
2025-05-10,01:30,USD,M,united states CFTC Crude Oil speculative net positions
2025-05-10,01:30,USD,M,united states CFTC Gold speculative net positions
2025-05-10,01:30,USD,M,united states CFTC Nasdaq 100 speculative net positions
2025-05-10,01:30,USD,M,united states CFTC S&P 500 speculative net positions
2025-05-10,01:30,AUD,M,australia CFTC AUD speculative net positions
2025-05-10,01:30,BRL,M,brazil CFTC BRL speculative net positions
2025-05-10,01:30,JPY,M,japan CFTC JPY speculative net positions
2025-05-10,01:30,EUR,M,euro zone CFTC EUR speculative net positions
2025-05-10,02:30,RUB,M,russia CFTC RUB speculative positions
2025-05-10,05:45,EUR,M,euro zone ECB's Schnabel Speaks
2025-05-10,07:30,CNY,M,china CPI (MoM)  (Apr)
2025-05-10,07:30,CNY,M,china CPI (YoY)  (Apr)
2025-05-10,07:30,CNY,M,china PPI (YoY)  (Apr)
2025-05-12,05:50,JPY,M,japan Adjusted Current Account  (Mar)
2025-05-12,05:50,JPY,M,japan Current Account n.s.a.  (Mar)
2025-05-12,13:00,TRY,M,türkiye Turkish Retail Sales (YoY)  (Mar)
2025-05-12,13:00,TRY,M,türkiye Turkish Retail Sales (MoM)  (Mar)
2025-05-12,16:00,EUR,M,euro zone Eurogroup Meetings
2025-05-12,18:50,GBP,M,united kingdom BoE MPC Member Mann Speaks
2025-05-12,21:00,EUR,M,germany German Buba Vice President Buch Speaks
2025-05-12,22:00,USD,M,united states WASDE Report
2025-05-13,00:00,USD,M,united states Federal Budget Balance  (Apr)
2025-05-13,05:01,GBP,M,united kingdom BRC Retail Sales Monitor (YoY)  (Apr)
2025-05-13,07:30,AUD,M,australia Building Approvals (MoM)  (Mar)
2025-05-13,07:30,AUD,M,australia NAB Business Confidence  (Apr)
2025-05-13,12:00,GBP,M,united kingdom Average Earnings Index +Bonus  (Mar)
2025-05-13,12:00,GBP,M,united kingdom Claimant Count Change  (Apr)
2025-05-13,12:00,GBP,M,united kingdom Employment Change 3M/3M (MoM)  (Mar)
2025-05-13,12:00,GBP,M,united kingdom Unemployment Rate  (Mar)
2025-05-13,14:45,GBP,M,united kingdom BoE MPC Member Pill Speaks
2025-05-13,15:00,EUR,M,germany German ZEW Current Conditions  (May)
2025-05-13,15:00,EUR,M,germany German ZEW Economic Sentiment  (May)
2025-05-13,15:00,EUR,M,euro zone ZEW Economic Sentiment  (May)
2025-05-13,16:30,INR,M,india CPI (YoY)  (Apr)
2025-05-13,18:30,USD,M,united states Core CPI (YoY)  (Apr)
2025-05-13,18:30,USD,H,united states Core CPI (MoM)  (Apr)
2025-05-13,18:30,USD,H,united states CPI (YoY)  (Apr)
2025-05-13,18:30,USD,H,united states CPI (MoM)  (Apr)
2025-05-13,20:00,EUR,M,germany German Buba Balz Speaks
2025-05-13,21:00,GBP,M,united kingdom BoE Gov Bailey Speaks
2025-05-13,21:00,GBP,M,united kingdom BoE MPC Member Pill Speaks
2025-05-13,21:30,USD,H,united states U.S. President Trump Speaks
2025-05-14,02:30,USD,M,united states API Weekly Crude Oil Stock
2025-05-14,04:45,NZD,M,new zealand Electronic Card Retail Sales (MoM)  (Apr)
2025-05-14,07:30,AUD,M,australia Home Loans (MoM)
2025-05-14,07:30,AUD,M,australia Wage Price Index (QoQ)  (Q1)
2025-05-14,12:00,SEK,M,sweden CPI (MoM)  (Apr)
2025-05-14,12:00,SEK,M,sweden CPI (YoY)  (Apr)
2025-05-14,12:00,EUR,H,germany German CPI (MoM)  (Apr)
2025-05-14,12:00,EUR,M,germany German CPI (YoY)  (Apr)
2025-05-14,12:30,INR,M,india WPI Inflation (YoY)  (Apr)
2025-05-14,13:00,EUR,M,spain Spanish CPI (YoY)  (Apr)
2025-05-14,13:00,EUR,M,spain Spanish HICP (YoY)  (Apr)
2025-05-14,14:15,EUR,M,germany German Buba President Nagel Speaks
2025-05-14,15:00,CNY,M,china New Loans  (Apr)
2025-05-14,15:15,USD,M,united states Fed Waller Speaks
2025-05-14,17:00,USD,M,united states OPEC Monthly Report
2025-05-14,18:30,CAD,M,canada Building Permits (MoM)  (Mar)
2025-05-14,20:30,USD,H,united states Crude Oil Inventories
2025-05-14,20:30,USD,M,united states Cushing Crude Oil Inventories
2025-05-14,22:00,EUR,M,germany German Buba Balz Speaks
2025-05-15,03:40,USD,M,united states FOMC Member Daly Speaks
2025-05-15,07:30,AUD,M,australia Employment Change  (Apr)
2025-05-15,07:30,AUD,M,australia Full Employment Change  (Apr)
2025-05-15,07:30,AUD,M,australia Unemployment Rate  (Apr)
2025-05-15,12:00,GBP,M,united kingdom Business Investment (QoQ)  (Q1)
2025-05-15,12:00,GBP,H,united kingdom GDP (MoM)  (Mar)
2025-05-15,12:00,GBP,H,united kingdom GDP (YoY)  (Q1)
2025-05-15,12:00,GBP,H,united kingdom GDP (QoQ)  (Q1)
2025-05-15,12:00,GBP,M,united kingdom Industrial Production (MoM)  (Mar)
2025-05-15,12:00,GBP,M,united kingdom Manufacturing Production (MoM)  (Mar)
2025-05-15,12:00,GBP,M,united kingdom Monthly GDP 3M/3M Change  (Mar)
2025-05-15,12:00,GBP,M,united kingdom Trade Balance  (Mar)
2025-05-15,12:00,GBP,M,united kingdom Trade Balance Non-EU  (Mar)
2025-05-15,12:30,CHF,M,switzerland PPI (MoM)  (Apr)
2025-05-15,12:45,EUR,M,france French CPI (MoM)  (Apr)
2025-05-15,12:45,EUR,M,france French HICP (MoM)  (Apr)
2025-05-15,13:50,EUR,M,euro zone ECB's Elderson Speaks
2025-05-15,14:00,USD,M,united states IEA Monthly Report
2025-05-15,14:00,PLN,M,poland GDP (YoY)  (Q1)
2025-05-15,14:00,PLN,M,poland GDP (QoQ)  (Q1)
2025-05-15,14:30,GBP,M,united kingdom Labour Productivity  (Q4)
2025-05-15,14:31,GBP,M,united kingdom Labour Productivity  (Q1)
2025-05-15,15:00,EUR,M,euro zone EU Economic Forecasts
2025-05-15,15:00,EUR,M,euro zone GDP (YoY)  (Q1)
2025-05-15,15:00,EUR,M,euro zone GDP (QoQ)  (Q1)
2025-05-15,15:00,EUR,M,euro zone Industrial Production (MoM)  (Mar)
2025-05-15,16:15,EUR,M,euro zone ECB's De Guindos Speaks
2025-05-15,18:00,BRL,M,brazil Retail Sales (MoM)  (Mar)
2025-05-15,18:00,BRL,M,brazil Retail Sales (YoY)  (Mar)
2025-05-15,18:15,CAD,M,canada Housing Starts  (Apr)
2025-05-15,18:30,GBP,M,united kingdom NIESR Monthly GDP Tracker  (Apr)
2025-05-15,18:30,USD,M,united states Continuing Jobless Claims
2025-05-15,18:30,USD,M,united states Core PPI (MoM)  (Apr)
2025-05-15,18:30,USD,H,united states Core Retail Sales (MoM)  (Apr)
2025-05-15,18:30,USD,H,united states Initial Jobless Claims
2025-05-15,18:30,USD,M,united states NY Empire State Manufacturing Index  (May)
2025-05-15,18:30,USD,H,united states Philadelphia Fed Manufacturing Index  (May)
2025-05-15,18:30,USD,M,united states Philly Fed Employment  (May)
2025-05-15,18:30,USD,H,united states PPI (MoM)  (Apr)
2025-05-15,18:30,USD,M,united states Retail Control (MoM)  (Apr)
2025-05-15,18:30,USD,H,united states Retail Sales (MoM)  (Apr)
2025-05-15,18:30,CAD,M,canada Wholesale Sales (MoM)  (Mar)
2025-05-15,18:40,USD,H,united states Fed Chair Powell Speaks
2025-05-15,19:15,USD,M,united states Industrial Production (YoY)  (Apr)
2025-05-15,19:15,USD,M,united states Industrial Production (MoM)  (Apr)
2025-05-15,20:00,USD,M,united states Business Inventories (MoM)  (Mar)
2025-05-15,20:00,USD,M,united states Retail Inventories Ex Auto  (Mar)
2025-05-15,23:00,USD,M,united states Atlanta Fed GDPNow  (Q2)
2025-05-16,00:05,USD,M,united states Fed Vice Chair for Supervision Barr Speaks
2025-05-16,01:00,MXN,M,mexico Interest Rate Decision  (May)
2025-05-16,02:30,USD,M,united states Fed's Balance Sheet
2025-05-16,04:30,NZD,M,new zealand Business NZ PMI  (Apr)
2025-05-16,05:50,JPY,M,japan GDP (YoY)  (Q1)
2025-05-16,05:50,JPY,H,japan GDP (QoQ)  (Q1)
2025-05-16,05:50,JPY,M,japan GDP Annualized (QoQ)  (Q1)
2025-05-16,05:50,JPY,M,japan GDP Price Index (YoY)  (Q1)
2025-05-16,08:00,CNY,M,china NBS Press Conference
2025-05-16,09:00,NZD,M,new zealand Inflation Expectations (QoQ)
2025-05-16,10:00,JPY,M,japan BoJ Board Member Nakamura Speaks
2025-05-16,10:00,MYR,M,malaysia GDP (YoY)  (Q1)
2025-05-16,10:30,JPY,M,japan Industrial Production (MoM)  (Mar)
2025-05-16,15:00,EUR,M,euro zone Trade Balance  (Mar)
2025-05-16,16:00,EUR,M,euro zone EU Economic Forecasts
2025-05-16,18:30,USD,M,united states Building Permits  (Apr)
2025-05-16,18:30,USD,M,united states Export Price Index (MoM)  (Apr)
2025-05-16,18:30,USD,M,united states Housing Starts  (Apr)
2025-05-16,18:30,USD,M,united states Housing Starts (MoM)  (Apr)
2025-05-16,18:30,USD,M,united states Import Price Index (MoM)  (Apr)
2025-05-16,18:30,CAD,M,canada Foreign Securities Purchases  (Mar)
2025-05-16,20:00,USD,M,united states Michigan 1-Year Inflation Expectations  (May)
2025-05-16,20:00,USD,M,united states Michigan 5-Year Inflation Expectations  (May)
2025-05-16,20:00,USD,M,united states Michigan Consumer Expectations  (May)
2025-05-16,20:00,USD,M,united states Michigan Consumer Sentiment  (May)
2025-05-16,21:00,USD,M,united states Atlanta Fed GDPNow  (Q2)
2025-05-16,21:00,EUR,M,euro zone ECB's Lane Speaks
2025-05-16,22:00,RUB,M,russia CPI (YoY)  (Apr)
2025-05-16,22:00,RUB,M,russia CPI (MoM)  (Apr)
2025-05-16,22:00,RUB,M,russia GDP Quarterly (YoY)  (Q1)
2025-05-16,23:00,USD,M,united states U.S. Baker Hughes Oil Rig Count
2025-05-16,23:00,USD,M,united states U.S. Baker Hughes Total Rig Count
2025-05-17,01:30,GBP,M,united kingdom CFTC GBP speculative net positions
2025-05-17,01:30,USD,M,united states CFTC Crude Oil speculative net positions
2025-05-17,01:30,USD,M,united states CFTC Gold speculative net positions
2025-05-17,01:30,USD,M,united states CFTC Nasdaq 100 speculative net positions
2025-05-17,01:30,USD,M,united states CFTC S&P 500 speculative net positions
2025-05-17,01:30,AUD,M,australia CFTC AUD speculative net positions
2025-05-17,01:30,BRL,M,brazil CFTC BRL speculative net positions
2025-05-17,01:30,JPY,M,japan CFTC JPY speculative net positions
2025-05-17,01:30,EUR,M,euro zone CFTC EUR speculative net positions
2025-05-17,02:00,USD,M,united states TIC Net Long-Term Transactions  (Mar)
2025-05-17,02:30,RUB,M,russia CFTC RUB speculative positions
2025-05-17,07:40,USD,M,united states FOMC Member Daly Speaks
2025-05-19,03:20,USD,M,united states FOMC Member Williams Speaks
2025-05-19,04:45,NZD,M,new zealand PPI Input (QoQ)  (Q1)
2025-05-19,08:00,CNY,M,china Fixed Asset Investment (YoY)  (Apr)
2025-05-19,08:00,CNY,M,china Industrial Production (YoY)  (Apr)
2025-05-19,08:00,CNY,M,china Chinese Industrial Production YTD  (YoY)  (Apr)
2025-05-19,08:00,CNY,M,china Chinese Unemployment Rate  (Apr)
2025-05-19,08:00,CNY,M,china NBS Press Conference
2025-05-19,08:30,THB,M,thailand GDP (YoY)  (Q1)
2025-05-19,15:00,EUR,M,euro zone Core CPI (YoY)  (Apr)
2025-05-19,15:00,EUR,M,euro zone CPI (MoM)  (Apr)
2025-05-19,15:00,EUR,H,euro zone CPI (YoY)  (Apr)
2025-05-19,18:30,USD,M,united states FOMC Member Bostic Speaks
2025-05-19,18:30,USD,M,united states FOMC Member Williams Speaks
2025-05-19,20:00,USD,M,united states US Leading Index (MoM)  (Apr)
2025-05-19,23:30,USD,M,united states FOMC Member Kashkari Speaks
2025-05-20,07:00,CNY,M,china China Loan Prime Rate 5Y  (May)
2025-05-20,07:15,CNY,M,china PBoC Loan Prime Rate
2025-05-20,10:30,AUD,H,australia RBA Interest Rate Decision  (May)
2025-05-20,10:30,AUD,M,australia RBA Monetary Policy Statement
2025-05-20,10:30,AUD,M,australia RBA Rate Statement
2025-05-20,12:00,EUR,M,germany German PPI (MoM)  (Apr)
2025-05-20,14:00,GBP,M,united kingdom BoE MPC Member Pill Speaks
2025-05-20,17:50,EUR,M,germany German Buba Vice President Buch Speaks
2025-05-20,18:30,CAD,M,canada Core CPI (MoM)  (Apr)
2025-05-20,18:30,CAD,M,canada Core CPI (YoY)  (Apr)
2025-05-20,18:30,CAD,M,canada CPI (MoM)  (Apr)
2025-05-20,19:00,USD,M,united states FOMC Member Bostic Speaks
2025-05-21,02:30,USD,M,united states API Weekly Crude Oil Stock
2025-05-21,05:00,USD,M,united states FOMC Member Daly Speaks
2025-05-21,05:50,JPY,M,japan Adjusted Trade Balance
2025-05-21,05:50,JPY,M,japan Exports (YoY)  (Apr)
2025-05-21,05:50,JPY,M,japan Trade Balance  (Apr)
2025-05-21,12:00,GBP,H,united kingdom CPI (YoY)  (Apr)
2025-05-21,12:00,GBP,M,united kingdom CPI (MoM)  (Apr)
2025-05-21,13:00,EUR,M,euro zone European Central Bank Non-monetary Policy Meeting
2025-05-21,13:30,IDR,M,indonesia Interest Rate Decision
2025-05-21,13:35,EUR,M,germany German Buba Balz Speaks
2025-05-21,14:00,EUR,M,euro zone ECB Financial Stability Review
2025-05-21,15:30,EUR,M,germany German 10-Year Bund Auction
2025-05-21,18:30,CAD,M,canada New Housing Price Index (MoM)  (Apr)
2025-05-21,20:30,USD,H,united states Crude Oil Inventories
2025-05-21,20:30,USD,M,united states Cushing Crude Oil Inventories
2025-05-21,22:00,EUR,M,euro zone ECB's Lane Speaks
2025-05-21,22:15,USD,M,united states FOMC Member Bowman Speaks
2025-05-21,23:30,USD,M,united states 20-Year Bond Auction
2025-05-22,07:30,JPY,M,japan BoJ Board Member Noguchi Speaks
2025-05-22,08:00,NZD,M,new zealand Annual Budget Release
2025-05-22,10:00,MYR,M,malaysia CPI (YoY)  (Apr)
2025-05-22,14:00,EUR,M,germany German Business Expectations  (May)
2025-05-22,14:00,EUR,M,germany German Current Assessment  (May)
2025-05-22,14:00,EUR,M,germany German Ifo Business Climate Index  (May)
2025-05-22,17:30,EUR,M,euro zone ECB Publishes Account of Monetary Policy Meeting
2025-05-22,18:00,MXN,M,mexico GDP (QoQ)  (Q1)
2025-05-22,18:00,MXN,M,mexico GDP (YoY)  (Q1)
2025-05-22,18:30,GBP,M,united kingdom BoE MPC Member Pill Speaks
2025-05-22,18:30,USD,M,united states Continuing Jobless Claims
2025-05-22,18:30,USD,H,united states Initial Jobless Claims
2025-05-22,18:30,CAD,M,canada RMPI (MoM)  (Apr)
2025-05-22,19:30,EUR,M,germany German Buba President Nagel Speaks
2025-05-22,20:00,USD,M,united states Existing Home Sales (MoM)  (Apr)
2025-05-22,20:00,USD,H,united states Existing Home Sales  (Apr)
2025-05-22,21:00,EUR,M,euro zone ECB's Elderson Speaks
2025-05-22,21:35,EUR,M,euro zone ECB's De Guindos Speaks
2025-05-22,23:00,USD,M,united states 10-Year TIPS Auction
2025-05-23,00:00,USD,M,united states FOMC Member Williams Speaks
2025-05-23,00:30,CAD,M,canada BoC Gov Macklem Speaks
2025-05-23,02:30,USD,M,united states Fed's Balance Sheet
2025-05-23,04:45,NZD,M,new zealand Core Retail Sales (QoQ)
2025-05-23,04:45,NZD,M,new zealand Retail Sales (QoQ)  (Q1)
2025-05-23,05:30,JPY,M,japan National Core CPI (YoY)  (Apr)
2025-05-23,11:00,SGD,M,singapore Core CPI (YoY)  (Apr)
2025-05-23,11:00,SGD,M,singapore CPI (YoY)  (Apr)
2025-05-23,12:00,GBP,M,united kingdom Core Retail Sales (MoM)  (Apr)
2025-05-23,12:00,GBP,M,united kingdom Core Retail Sales (YoY)  (Apr)
2025-05-23,12:00,GBP,M,united kingdom Retail Sales (YoY)  (Apr)
2025-05-23,12:00,GBP,M,united kingdom Retail Sales (MoM)  (Apr)
2025-05-23,12:00,EUR,H,germany German GDP (QoQ)  (Q1)
2025-05-23,12:00,EUR,M,germany German GDP (YoY)  (Q1)
2025-05-23,14:30,EUR,M,euro zone ECB's Lane Speaks
2025-05-23,18:10,USD,M,united states Building Permits  (Apr)
2025-05-23,18:30,CAD,M,canada Core Retail Sales (MoM)  (Mar)
2025-05-23,18:30,CAD,M,canada Retail Sales (MoM)  (Mar)
2025-05-23,18:31,CAD,M,canada Retail Sales (MoM)  (Apr)
2025-05-23,20:00,USD,H,united states New Home Sales  (Apr)
2025-05-23,20:00,USD,M,united states New Home Sales (MoM)  (Apr)
2025-05-23,22:00,EUR,M,euro zone ECB's Schnabel Speaks
2025-05-23,23:00,USD,M,united states U.S. Baker Hughes Oil Rig Count
2025-05-23,23:00,USD,M,united states U.S. Baker Hughes Total Rig Count
2025-05-24,01:30,GBP,M,united kingdom CFTC GBP speculative net positions
2025-05-24,01:30,USD,M,united states CFTC Crude Oil speculative net positions
2025-05-24,01:30,USD,M,united states CFTC Gold speculative net positions
2025-05-24,01:30,USD,M,united states CFTC Nasdaq 100 speculative net positions
2025-05-24,01:30,USD,M,united states CFTC S&P 500 speculative net positions
2025-05-24,01:30,AUD,M,australia CFTC AUD speculative net positions
2025-05-24,01:30,BRL,M,brazil CFTC BRL speculative net positions
2025-05-24,01:30,JPY,M,japan CFTC JPY speculative net positions
2025-05-24,01:30,EUR,M,euro zone CFTC EUR speculative net positions
2025-05-24,02:30,RUB,M,russia CFTC RUB speculative positions
2025-05-26,00:40,USD,H,united states Fed Chair Powell Speaks
2025-05-26,12:30,CHF,M,switzerland Employment Level  (Q1)
2025-05-26,19:30,EUR,M,germany German Buba President Nagel Speaks
2025-05-26,20:30,EUR,M,euro zone ECB President Lagarde Speaks
2025-05-27,11:00,JPY,M,japan BoJ Core CPI (YoY)
2025-05-27,12:00,EUR,M,germany GfK German Consumer Climate  (Jun)
2025-05-27,12:45,EUR,M,france French CPI (MoM)  (May)
2025-05-27,12:45,EUR,M,france French HICP (MoM)  (May)
2025-05-27,14:00,USD,M,united states FOMC Member Kashkari Speaks
2025-05-27,16:00,EUR,M,france France Jobseekers Total
2025-05-27,18:30,USD,M,united states Core Durable Goods Orders (MoM)  (Apr)
2025-05-27,18:30,USD,H,united states Durable Goods Orders (MoM)  (Apr)
2025-05-27,18:30,CAD,M,canada Wholesale Sales (MoM)  (Apr)
2025-05-27,19:00,USD,M,united states S&P/CS HPI Composite - 20 n.s.a. (MoM)  (Mar)
2025-05-27,19:00,USD,M,united states S&P/CS HPI Composite - 20 n.s.a. (YoY)  (Mar)
2025-05-27,20:00,USD,H,united states CB Consumer Confidence  (May)
2025-05-27,20:30,USD,M,united states Atlanta Fed GDPNow  (Q2)
2025-05-27,22:00,EUR,M,germany German Buba President Nagel Speaks
2025-05-27,23:00,USD,M,united states 2-Year Note Auction
2025-05-28,06:00,USD,M,united states FOMC Member Williams Speaks
2025-05-28,07:30,AUD,M,australia Construction Work Done (QoQ)  (Q1)
2025-05-28,08:00,NZD,H,new zealand RBNZ Interest Rate Decision
2025-05-28,08:00,NZD,M,new zealand RBNZ Monetary Policy Statement
2025-05-28,08:00,NZD,M,new zealand RBNZ Rate Statement
2025-05-28,08:10,USD,M,united states Fed Waller Speaks
2025-05-28,09:00,NZD,M,new zealand RBNZ Press Conference
2025-05-28,12:45,EUR,M,france French Consumer Spending (MoM)  (Apr)
2025-05-28,12:45,EUR,M,france French GDP (YoY)  (Q1)
2025-05-28,12:45,EUR,M,france French GDP (QoQ)  (Q1)
2025-05-28,13:55,EUR,M,germany German Unemployment Change  (May)
2025-05-28,13:55,EUR,M,germany German Unemployment Rate  (May)
2025-05-28,14:00,USD,M,united states FOMC Member Kashkari Speaks
2025-05-28,16:00,USD,M,united states OPEC Meeting
2025-05-28,19:00,USD,M,united states FOMC Member Williams Speaks
2025-05-28,21:00,GBP,M,united kingdom BoE MPC Member Pill Speaks
2025-05-28,23:00,USD,M,united states 5-Year Note Auction
2025-05-28,23:00,NZD,M,new zealand RBNZ Press Conference
2025-05-29,00:00,USD,H,united states FOMC Meeting Minutes
2025-05-29,02:30,USD,M,united states API Weekly Crude Oil Stock
2025-05-29,07:30,AUD,M,australia Private New Capital Expenditure (QoQ)  (Q1)
2025-05-29,15:10,EUR,M,italy Italian 10-Year BTP Auction
2025-05-29,18:00,BRL,M,brazil Unemployment Rate  (Apr)
2025-05-29,18:30,USD,M,united states Continuing Jobless Claims
2025-05-29,18:30,USD,M,united states Core PCE Prices  (Q1)
2025-05-29,18:30,USD,H,united states GDP (QoQ)  (Q1)
2025-05-29,18:30,USD,M,united states GDP Price Index (QoQ)  (Q1)
2025-05-29,18:30,USD,H,united states Initial Jobless Claims
2025-05-29,18:30,CAD,M,canada Current Account  (Q1)
2025-05-29,19:00,ZAR,M,south africa Interest Rate Decision  (May)
2025-05-29,20:00,USD,M,united states Pending Home Sales (MoM)  (Apr)
2025-05-29,21:00,MXN,M,mexico Monetary Policy Meeting Minutes
2025-05-29,22:00,USD,H,united states Crude Oil Inventories
2025-05-29,22:00,USD,M,united states Cushing Crude Oil Inventories
2025-05-29,23:00,USD,M,united states 7-Year Note Auction
2025-05-30,01:00,GBP,M,united kingdom BoE Gov Bailey Speaks
2025-05-30,02:00,USD,M,united states FOMC Member Daly Speaks
2025-05-30,02:30,USD,M,united states Fed's Balance Sheet
2025-05-30,05:30,JPY,M,japan Tokyo Core CPI (YoY)  (May)
2025-05-30,05:50,JPY,M,japan Industrial Production (MoM)  (Apr)
2025-05-30,07:30,AUD,M,australia Building Approvals (MoM)  (Apr)
2025-05-30,07:30,AUD,M,australia Retail Sales (MoM)  (Apr)
2025-05-30,12:00,SEK,M,sweden GDP (QoQ)  (Q1)
2025-05-30,12:00,SEK,M,sweden GDP (YoY)  (Q1)
2025-05-30,12:00,EUR,M,germany German Retail Sales (MoM)  (Apr)
2025-05-30,13:00,CHF,M,switzerland KOF Leading Indicators  (May)
2025-05-30,13:00,EUR,M,spain Spanish CPI (YoY)  (May)
2025-05-30,13:00,EUR,M,spain Spanish HICP (YoY)  (May)
2025-05-30,13:00,TRY,M,türkiye GDP (YoY)  (Q1)
2025-05-30,16:30,INR,M,india GDP Quarterly (YoY)  (Q4)
2025-05-30,17:00,TRY,M,türkiye CBRT Financial Stability Report
2025-05-30,17:30,BRL,M,brazil Gross Debt-to-GDP ratio (MoM)  (Apr)
2025-05-30,18:00,EUR,M,germany German CPI (YoY)  (May)
2025-05-30,18:00,EUR,H,germany German CPI (MoM)  (May)
2025-05-30,18:00,BRL,M,brazil GDP (QoQ)  (Q1)
2025-05-30,18:00,BRL,M,brazil GDP (YoY)  (Q1)
2025-05-30,18:30,USD,H,united states Core PCE Price Index (YoY)  (Apr)
2025-05-30,18:30,USD,H,united states Core PCE Price Index (MoM)  (Apr)
2025-05-30,18:30,USD,M,united states Goods Trade Balance  (Apr)
2025-05-30,18:30,USD,M,united states PCE price index (MoM)  (Apr)
2025-05-30,18:30,USD,M,united states PCE Price index (YoY)  (Apr)
2025-05-30,18:30,USD,M,united states Personal Spending (MoM)  (Apr)
2025-05-30,18:30,USD,M,united states Retail Inventories Ex Auto  (Apr)
2025-05-30,18:30,CAD,M,canada GDP (MoM)  (Mar)
2025-05-30,18:30,CAD,M,canada GDP (QoQ)  (Q1)
2025-05-30,18:30,CAD,M,canada GDP (YoY)  (Q1)
2025-05-30,18:30,CAD,M,canada GDP Annualized (QoQ)  (Q1)
2025-05-30,18:31,CAD,M,canada GDP (MoM)  (Apr)
2025-05-30,19:45,USD,H,united states Chicago PMI  (May)
2025-05-30,20:00,USD,M,united states Michigan 1-Year Inflation Expectations  (May)
2025-05-30,20:00,USD,M,united states Michigan 5-Year Inflation Expectations  (May)
2025-05-30,20:00,USD,M,united states Michigan Consumer Expectations  (May)
2025-05-30,20:00,USD,M,united states Michigan Consumer Sentiment  (May)
2025-05-30,21:00,USD,M,united states Atlanta Fed GDPNow  (Q2)
2025-05-30,22:20,USD,M,united states FOMC Member Bostic Speaks
2025-05-30,23:00,USD,M,united states U.S. Baker Hughes Oil Rig Count
2025-05-30,23:00,USD,M,united states U.S. Baker Hughes Total Rig Count
2025-05-31,01:30,GBP,M,united kingdom CFTC GBP speculative net positions
2025-05-31,01:30,USD,M,united states CFTC Crude Oil speculative net positions
2025-05-31,01:30,USD,M,united states CFTC Gold speculative net positions
2025-05-31,01:30,USD,M,united states CFTC Nasdaq 100 speculative net positions
2025-05-31,01:30,USD,M,united states CFTC S&P 500 speculative net positions
2025-05-31,01:30,AUD,M,australia CFTC AUD speculative net positions
2025-05-31,01:30,BRL,M,brazil CFTC BRL speculative net positions
2025-05-31,01:30,JPY,M,japan CFTC JPY speculative net positions
2025-05-31,01:30,EUR,M,euro zone CFTC EUR speculative net positions
2025-05-31,02:30,RUB,M,russia CFTC RUB speculative positions
2025-05-31,07:30,CNY,M,china Chinese Composite PMI  (May)
2025-05-31,07:30,CNY,H,china Manufacturing PMI  (May)
2025-05-31,07:30,CNY,M,china Non-Manufacturing PMI  (May)
2025-06-02,05:50,JPY,M,japan Capital Spending (YoY)  (Q1)
2025-06-02,06:00,USD,M,united states Fed Waller Speaks
2025-06-02,12:00,GBP,M,united kingdom Nationwide HPI (MoM)  (May)
2025-06-02,12:00,GBP,M,united kingdom Nationwide HPI (YoY)  (May)
2025-06-02,13:00,CHF,M,switzerland GDP (QoQ)  (Q1)
2025-06-02,13:00,CHF,M,switzerland GDP (YoY)  (Q1)
2025-06-02,13:30,CHF,M,switzerland procure.ch Manufacturing PMI  (May)
2025-06-02,14:00,PLN,M,poland GDP (QoQ)  (Q1)
2025-06-02,14:00,PLN,M,poland GDP (YoY)  (Q1)
2025-06-02,20:00,GBP,M,united kingdom BoE MPC Member Mann Speaks
2025-06-02,20:00,USD,M,united states Construction Spending (MoM)  (Apr)
2025-06-02,20:00,USD,M,united states ISM Manufacturing Employment  (May)
2025-06-02,20:00,USD,H,united states ISM Manufacturing PMI  (May)
2025-06-02,20:00,USD,H,united states ISM Manufacturing Prices  (May)
2025-06-02,21:30,USD,M,united states Atlanta Fed GDPNow  (Q2)
2025-06-02,22:00,EUR,M,germany German Buba Balz Speaks
2025-06-02,22:30,EUR,M,euro zone ECB President Lagarde Speaks
2025-06-02,23:00,USD,H,united states Fed Chair Powell Speaks
2025-06-03,03:30,GBP,M,united kingdom BoE MPC Member Mann Speaks
2025-06-03,07:30,AUD,M,australia Company Gross Operating Profits (QoQ)  (Q1)
2025-06-03,07:30,AUD,M,australia Current Account  (Q1)
2025-06-03,07:30,AUD,M,australia RBA Meeting Minutes
2025-06-03,09:35,JPY,M,japan 10-Year JGB Auction
2025-06-03,12:30,CHF,M,switzerland CPI (MoM)  (May)
2025-06-03,12:30,HUF,M,hungary GDP (YoY)  (Q1)
2025-06-03,13:00,EUR,M,spain Spanish Unemployment Change  (May)
2025-06-03,13:00,TRY,M,türkiye CPI (YoY)  (May)
2025-06-03,13:00,TRY,M,türkiye CPI (MoM)  (May)
2025-06-03,14:00,BRL,M,brazil IPC-Fipe Inflation Index (MoM)  (May)
2025-06-03,15:00,EUR,M,euro zone Core CPI (YoY)  (May)
2025-06-03,15:00,EUR,H,euro zone CPI (YoY)  (May)
2025-06-03,15:00,EUR,M,euro zone CPI (MoM)  (May)
2025-06-03,15:00,EUR,M,euro zone Unemployment Rate  (Apr)
2025-06-03,15:15,GBP,M,united kingdom BoE MPC Treasury Committee Hearings
2025-06-03,15:30,ZAR,M,south africa GDP Annualized (QoQ)  (Q1)
2025-06-03,18:00,BRL,M,brazil Industrial Production (YoY)  (Apr)
2025-06-03,20:00,USD,M,united states Factory Orders (MoM)  (Apr)
2025-06-03,20:00,USD,H,united states JOLTS Job Openings  (Apr)
2025-06-03,22:00,EUR,M,euro zone ECB President Lagarde Speaks
2025-06-04,04:00,USD,M,united states API Weekly Crude Oil Stock
2025-06-04,07:30,AUD,M,australia GDP (QoQ)  (Q1)
2025-06-04,07:30,AUD,M,australia GDP (YoY)  (Q1)
2025-06-04,18:15,USD,H,united states ADP Nonfarm Employment Change  (May)
2025-06-04,18:30,USD,M,united states FOMC Member Bostic Speaks
2025-06-04,18:30,CAD,M,canada Labor Productivity (QoQ)  (Q1)
2025-06-04,19:15,PLN,M,poland Interest Rate Decision  (Jun)
2025-06-04,19:45,CAD,M,canada BoC Rate Statement
2025-06-04,19:45,CAD,H,canada BoC Interest Rate Decision
2025-06-04,20:00,USD,M,united states ISM Non-Manufacturing Employment  (May)
2025-06-04,20:00,USD,H,united states ISM Non-Manufacturing PMI  (May)
2025-06-04,20:00,USD,H,united states ISM Non-Manufacturing Prices  (May)
2025-06-04,20:30,USD,H,united states Crude Oil Inventories
2025-06-04,20:30,USD,M,united states Cushing Crude Oil Inventories
2025-06-04,20:30,CAD,M,canada BOC Press Conference
2025-06-04,22:00,RUB,M,russia Retail Sales (YoY)  (Apr)
2025-06-04,22:00,RUB,M,russia Unemployment Rate  (Apr)
2025-06-04,22:03,RUB,M,russia GDP Monthly (YoY)  (Apr)
2025-06-05,00:00,USD,M,united states Beige Book
2025-06-05,07:30,AUD,M,australia Trade Balance  (Apr)
2025-06-05,12:00,SEK,M,sweden CPI (MoM)  (May)
2025-06-05,12:00,SEK,M,sweden CPI (YoY)  (May)
2025-06-05,12:00,EUR,M,germany German Factory Orders (MoM)  (Apr)
2025-06-05,18:15,EUR,H,euro zone Deposit Facility Rate  (Jun)
2025-06-05,18:15,EUR,M,euro zone ECB Marginal Lending Facility
2025-06-05,18:15,EUR,M,euro zone ECB Monetary Policy Statement
2025-06-05,18:15,EUR,H,euro zone ECB Interest Rate Decision  (Jun)
2025-06-05,18:30,USD,M,united states Continuing Jobless Claims
2025-06-05,18:30,USD,M,united states Exports  (Apr)
2025-06-05,18:30,USD,M,united states Imports  (Apr)
2025-06-05,18:30,USD,H,united states Initial Jobless Claims
2025-06-05,18:30,USD,M,united states Nonfarm Productivity (QoQ)  (Q1)
2025-06-05,18:30,USD,M,united states Trade Balance  (Apr)
2025-06-05,18:30,USD,M,united states Unit Labor Costs (QoQ)  (Q1)
2025-06-05,18:30,CAD,M,canada Trade Balance  (Apr)
2025-06-05,18:45,EUR,H,euro zone ECB Press Conference
2025-06-05,20:00,CAD,M,canada Ivey PMI  (May)
2025-06-05,20:15,EUR,M,euro zone ECB President Lagarde Speaks
2025-06-05,21:00,EUR,M,germany German Buba Mauderer Speaks
2025-06-05,22:00,USD,M,united states Atlanta Fed GDPNow  (Q2)
2025-06-05,22:20,CAD,M,canada BoC Deputy Gov Kozicki Speaks
2025-06-05,23:30,USD,M,united states FOMC Member Harker Speaks
2025-06-06,02:30,USD,M,united states Fed's Balance Sheet
2025-06-06,05:30,JPY,M,japan Household Spending (YoY)  (Apr)
2025-06-06,05:30,JPY,M,japan Household Spending (MoM)  (Apr)
2025-06-06,07:30,AUD,M,australia Building Approvals (MoM)  (Apr)
2025-06-06,10:30,INR,M,india Interest Rate Decision
2025-06-06,12:00,GBP,M,united kingdom Halifax House Price Index (MoM)  (May)
2025-06-06,12:00,GBP,M,united kingdom Halifax House Price Index (YoY)  (May)
2025-06-06,12:00,EUR,M,germany German Industrial Production (MoM)  (Apr)
2025-06-06,12:00,EUR,M,germany German Trade Balance  (Apr)
2025-06-06,14:30,GBP,M,united kingdom Mortgage Rate (GBP)  (May)
2025-06-06,14:30,EUR,M,euro zone ECB President Lagarde Speaks
2025-06-06,15:00,EUR,M,euro zone GDP (YoY)  (Q1)
2025-06-06,15:00,EUR,M,euro zone GDP (QoQ)  (Q1)
2025-06-06,16:30,RUB,M,russia Interest Rate Decision  (Jun)
2025-06-06,18:00,RUB,M,russia CBR Press Conference
2025-06-06,18:30,USD,M,united states Average Hourly Earnings (YoY) (YoY)  (May)
2025-06-06,18:30,USD,H,united states Average Hourly Earnings (MoM)  (May)
2025-06-06,18:30,USD,H,united states Nonfarm Payrolls  (May)
2025-06-06,18:30,USD,M,united states Participation Rate  (May)
2025-06-06,18:30,USD,M,united states Private Nonfarm Payrolls  (May)
2025-06-06,18:30,USD,M,united states U6 Unemployment Rate  (May)
2025-06-06,18:30,USD,H,united states Unemployment Rate  (May)
2025-06-06,18:30,CAD,M,canada Employment Change  (May)
2025-06-06,18:30,CAD,M,canada Unemployment Rate  (May)
2025-06-06,20:00,USD,M,united states FOMC Member Bowman Speaks
2025-06-06,23:00,USD,M,united states U.S. Baker Hughes Oil Rig Count
2025-06-06,23:00,USD,M,united states U.S. Baker Hughes Total Rig Count
2025-06-07,01:00,USD,M,united states Consumer Credit  (Apr)
2025-06-07,01:30,GBP,M,united kingdom CFTC GBP speculative net positions
2025-06-07,01:30,USD,M,united states CFTC Crude Oil speculative net positions
2025-06-07,01:30,USD,M,united states CFTC Gold speculative net positions
2025-06-07,01:30,USD,M,united states CFTC Nasdaq 100 speculative net positions
2025-06-07,01:30,USD,M,united states CFTC S&P 500 speculative net positions
2025-06-07,01:30,AUD,M,australia CFTC AUD speculative net positions
2025-06-07,01:30,BRL,M,brazil CFTC BRL speculative net positions
2025-06-07,01:30,JPY,M,japan CFTC JPY speculative net positions
2025-06-07,01:30,EUR,M,euro zone CFTC EUR speculative net positions
2025-06-07,02:30,RUB,M,russia CFTC RUB speculative positions
2025-06-07,13:30,EUR,M,euro zone ECB President Lagarde Speaks
2025-06-07,15:40,EUR,M,euro zone ECB's Schnabel Speaks
2025-06-09,05:50,JPY,M,japan Adjusted Current Account  (Apr)
2025-06-09,05:50,JPY,M,japan Current Account n.s.a.  (Apr)
2025-06-09,05:50,JPY,M,japan GDP (YoY)  (Q1)
2025-06-09,05:50,JPY,H,japan GDP (QoQ)  (Q1)
2025-06-09,05:50,JPY,M,japan GDP Annualized (QoQ)  (Q1)
2025-06-09,05:50,JPY,M,japan GDP Price Index (YoY)  (Q1)
2025-06-09,07:30,CNY,M,china CPI (MoM)  (May)
2025-06-09,07:30,CNY,M,china CPI (YoY)  (May)
2025-06-09,07:30,CNY,M,china PPI (YoY)  (May)
2025-06-09,09:00,CNY,M,china Exports (YoY)  (May)
2025-06-09,09:00,CNY,M,china Imports (YoY)  (May)
2025-06-09,09:00,CNY,M,china Trade Balance (USD)  (May)
2025-06-09,15:00,EUR,M,euro zone ECB's Elderson Speaks
2025-06-09,18:00,MXN,M,mexico CPI (MoM)  (May)
2025-06-09,18:00,MXN,M,mexico CPI (YoY)  (May)
2025-06-09,21:00,USD,M,united states NY Fed 1-Year Consumer Inflation Expectations  (May)
2025-06-09,21:30,USD,M,united states Atlanta Fed GDPNow  (Q2)
2025-06-10,05:01,GBP,M,united kingdom BRC Retail Sales Monitor (YoY)  (May)
2025-06-10,07:30,AUD,M,australia NAB Business Confidence  (May)
2025-06-10,12:00,GBP,M,united kingdom Average Earnings Index +Bonus  (Apr)
2025-06-10,12:00,GBP,M,united kingdom Claimant Count Change  (May)
2025-06-10,12:00,GBP,M,united kingdom Employment Change 3M/3M (MoM)  (Apr)
2025-06-10,12:00,GBP,M,united kingdom Unemployment Rate  (Apr)
2025-06-10,13:00,CHF,M,switzerland SECO Consumer Climate  (May)
2025-06-10,18:00,BRL,M,brazil CPI (YoY)  (May)
2025-06-10,20:30,EUR,M,germany German Buba Vice President Buch Speaks
2025-06-10,22:00,USD,M,united states EIA Short-Term Energy Outlook
2025-06-10,23:00,USD,M,united states 3-Year Note Auction
2025-06-11,02:00,USD,H,united states U.S. President Trump Speaks
2025-06-11,02:30,USD,M,united states API Weekly Crude Oil Stock
2025-06-11,09:15,EUR,M,euro zone ECB President Lagarde Speaks
2025-06-11,15:00,EUR,M,germany German Buba Vice President Buch Speaks
2025-06-11,15:30,EUR,M,germany German 10-Year Bund Auction
2025-06-11,15:30,EUR,M,euro zone ECB's Lane Speaks
2025-06-11,18:30,USD,H,united states Core CPI (MoM)  (May)
2025-06-11,18:30,USD,M,united states Core CPI (YoY)  (May)
2025-06-11,18:30,USD,H,united states CPI (MoM)  (May)
2025-06-11,18:30,USD,H,united states CPI (YoY)  (May)
2025-06-11,18:30,CAD,M,canada Building Permits (MoM)  (Apr)
2025-06-11,20:30,USD,H,united states Crude Oil Inventories
2025-06-11,20:30,USD,M,united states Cushing Crude Oil Inventories
2025-06-11,22:00,RUB,M,russia CPI (MoM)  (May)
2025-06-11,22:00,RUB,M,russia CPI (YoY)  (May)
2025-06-12,00:00,USD,H,united states 10-Year Note Auction
2025-06-12,00:00,USD,M,united states Federal Budget Balance  (May)
2025-06-12,04:45,NZD,M,new zealand Electronic Card Retail Sales (MoM)  (May)
2025-06-12,05:50,JPY,M,japan BSI Large Manufacturing Conditions  (Q2)
2025-06-12,12:00,GBP,H,united kingdom GDP (MoM)  (Apr)
2025-06-12,12:00,GBP,M,united kingdom Industrial Production (MoM)  (Apr)
2025-06-12,12:00,GBP,M,united kingdom Manufacturing Production (MoM)  (Apr)
2025-06-12,12:00,GBP,M,united kingdom Monthly GDP 3M/3M Change  (Apr)
2025-06-12,12:00,GBP,M,united kingdom Trade Balance  (Apr)
2025-06-12,12:00,GBP,M,united kingdom Trade Balance Non-EU  (Apr)
2025-06-12,15:00,EUR,M,euro zone ECB's Schnabel Speaks
2025-06-12,16:00,GBP,M,united kingdom NIESR Monthly GDP Tracker  (May)
2025-06-12,16:30,INR,M,india CPI (YoY)  (May)
2025-06-12,18:00,BRL,M,brazil Retail Sales (MoM)  (Apr)
2025-06-12,18:00,BRL,M,brazil Retail Sales (YoY)  (Apr)
2025-06-12,18:00,EUR,M,euro zone ECB's De Guindos Speaks
2025-06-12,18:20,EUR,M,euro zone ECB's Schnabel Speaks
2025-06-12,18:30,USD,M,united states Continuing Jobless Claims
2025-06-12,18:30,USD,M,united states Core PPI (MoM)  (May)
2025-06-12,18:30,USD,H,united states Initial Jobless Claims
2025-06-12,18:30,USD,H,united states PPI (MoM)  (May)
2025-06-12,20:15,EUR,M,euro zone ECB's Elderson Speaks
2025-06-12,22:00,USD,M,united states WASDE Report
2025-06-12,23:00,USD,H,united states 30-Year Bond Auction
2025-06-13,02:30,USD,M,united states Fed's Balance Sheet
2025-06-13,04:30,NZD,M,new zealand Business NZ PMI  (May)
2025-06-13,10:30,JPY,M,japan Industrial Production (MoM)  (Apr)
2025-06-13,12:00,SEK,M,sweden CPI (MoM)  (May)
2025-06-13,12:00,SEK,M,sweden CPI (YoY)  (May)
2025-06-13,12:00,EUR,M,germany German CPI (YoY)  (May)
2025-06-13,12:00,EUR,H,germany German CPI (MoM)  (May)
2025-06-13,12:45,EUR,M,france French CPI (MoM)  (May)
2025-06-13,12:45,EUR,M,france French HICP (MoM)  (May)
2025-06-13,13:00,EUR,M,spain Spanish CPI (YoY)  (May)
2025-06-13,13:00,EUR,M,spain Spanish HICP (YoY)  (May)
2025-06-13,14:30,CNY,M,china New Loans  (May)
2025-06-13,15:00,EUR,M,euro zone Industrial Production (MoM)  (Apr)
2025-06-13,15:00,EUR,M,euro zone Trade Balance  (Apr)
2025-06-13,18:30,CAD,M,canada Wholesale Sales (MoM)  (Apr)
2025-06-13,20:00,USD,M,united states Michigan 1-Year Inflation Expectations  (Jun)
2025-06-13,20:00,USD,M,united states Michigan 5-Year Inflation Expectations  (Jun)
2025-06-13,20:00,USD,M,united states Michigan Consumer Expectations  (Jun)
2025-06-13,20:00,USD,M,united states Michigan Consumer Sentiment  (Jun)
2025-06-13,21:00,EUR,M,euro zone ECB's Elderson Speaks
2025-06-13,23:00,USD,M,united states U.S. Baker Hughes Oil Rig Count
2025-06-13,23:00,USD,M,united states U.S. Baker Hughes Total Rig Count
2025-06-14,01:30,GBP,M,united kingdom CFTC GBP speculative net positions
2025-06-14,01:30,USD,M,united states CFTC Crude Oil speculative net positions
2025-06-14,01:30,USD,M,united states CFTC Gold speculative net positions
2025-06-14,01:30,USD,M,united states CFTC Nasdaq 100 speculative net positions
2025-06-14,01:30,USD,M,united states CFTC S&P 500 speculative net positions
2025-06-14,01:30,AUD,M,australia CFTC AUD speculative net positions
2025-06-14,01:30,BRL,M,brazil CFTC BRL speculative net positions
2025-06-14,01:30,JPY,M,japan CFTC JPY speculative net positions
2025-06-14,01:30,EUR,M,euro zone CFTC EUR speculative net positions
2025-06-14,02:30,RUB,M,russia CFTC RUB speculative positions
2025-06-16,08:00,CNY,M,china Fixed Asset Investment (YoY)  (May)
2025-06-16,08:00,CNY,M,china Industrial Production (YoY)  (May)
2025-06-16,08:00,CNY,M,china Chinese Industrial Production YTD  (YoY)  (May)
2025-06-16,08:00,CNY,M,china Chinese Unemployment Rate  (May)
2025-06-16,08:00,CNY,M,china NBS Press Conference
2025-06-16,12:30,CHF,M,switzerland PPI (MoM)  (May)
2025-06-16,12:30,INR,M,india WPI Inflation (YoY)  (May)
2025-06-16,13:00,EUR,M,germany German Buba President Nagel Speaks
2025-06-16,13:00,TRY,M,türkiye Turkish Retail Sales (YoY)  (Apr)
2025-06-16,13:00,TRY,M,türkiye Turkish Retail Sales (MoM)  (Apr)
2025-06-16,15:00,EUR,M,euro zone Wages in euro zone (YoY)  (Q1)
2025-06-16,17:00,USD,M,united states OPEC Monthly Report
2025-06-16,18:15,CAD,M,canada Housing Starts  (May)
2025-06-16,18:30,USD,M,united states NY Empire State Manufacturing Index  (Jun)
2025-06-16,22:00,EUR,M,germany German Buba President Nagel Speaks
2025-06-16,23:00,USD,M,united states 20-Year Bond Auction
2025-06-17,08:30,JPY,M,japan BoJ Monetary Policy Statement
2025-06-17,09:00,JPY,H,japan BoJ Interest Rate Decision
2025-06-17,12:30,JPY,M,japan BoJ Press Conference
2025-06-17,14:00,USD,M,united states IEA Monthly Report
2025-06-17,15:00,EUR,M,germany German ZEW Current Conditions  (Jun)
2025-06-17,15:00,EUR,M,germany German ZEW Economic Sentiment  (Jun)
2025-06-17,15:00,EUR,M,euro zone ZEW Economic Sentiment  (Jun)
2025-06-17,18:30,USD,H,united states Core Retail Sales (MoM)  (May)
2025-06-17,18:30,USD,M,united states Export Price Index (MoM)  (May)
2025-06-17,18:30,USD,M,united states Import Price Index (MoM)  (May)
2025-06-17,18:30,USD,M,united states Retail Control (MoM)  (May)
2025-06-17,18:30,USD,H,united states Retail Sales (MoM)  (May)
2025-06-17,18:30,CAD,M,canada Foreign Securities Purchases  (Apr)
2025-06-17,19:15,USD,M,united states Industrial Production (MoM)  (May)
2025-06-17,19:15,USD,M,united states Industrial Production (YoY)  (May)
2025-06-17,20:00,USD,M,united states Business Inventories (MoM)  (Apr)
2025-06-17,20:00,USD,M,united states Retail Inventories Ex Auto  (Apr)
2025-06-17,22:00,USD,M,united states Atlanta Fed GDPNow  (Q2)
2025-06-17,23:00,USD,M,united states 5-Year TIPS Auction
2025-06-18,02:30,USD,M,united states API Weekly Crude Oil Stock
2025-06-18,03:00,NZD,M,new zealand Westpac Consumer Sentiment  (Q2)
2025-06-18,04:45,NZD,M,new zealand Current Account (YoY)  (Q1)
2025-06-18,04:45,NZD,M,new zealand Current Account (QoQ)  (Q1)
2025-06-18,05:50,JPY,M,japan Adjusted Trade Balance
2025-06-18,05:50,JPY,M,japan Exports (YoY)  (May)
2025-06-18,05:50,JPY,M,japan Trade Balance  (May)
2025-06-18,12:00,GBP,M,united kingdom CPI (MoM)  (May)
2025-06-18,12:00,GBP,H,united kingdom CPI (YoY)  (May)
2025-06-18,13:30,SEK,M,sweden Interest Rate Decision
2025-06-18,13:30,IDR,M,indonesia Interest Rate Decision
2025-06-18,13:30,EUR,M,euro zone ECB's Elderson Speaks
2025-06-18,15:00,EUR,M,euro zone Core CPI (YoY)  (May)
2025-06-18,15:00,EUR,M,euro zone CPI (MoM)  (May)
2025-06-18,15:00,EUR,H,euro zone CPI (YoY)  (May)
2025-06-18,18:30,USD,M,united states Building Permits  (May)
2025-06-18,18:30,USD,M,united states Continuing Jobless Claims
2025-06-18,18:30,USD,M,united states Housing Starts (MoM)  (May)
2025-06-18,18:30,USD,M,united states Housing Starts  (May)
2025-06-18,18:30,USD,H,united states Initial Jobless Claims
2025-06-18,20:30,USD,H,united states Crude Oil Inventories
2025-06-18,20:30,USD,M,united states Cushing Crude Oil Inventories
2025-06-18,20:30,EUR,M,germany German Buba President Nagel Speaks
2025-06-18,21:00,EUR,M,euro zone ECB's Lane Speaks
2025-06-18,21:15,CAD,M,canada BoC Gov Macklem Speaks
2025-06-18,21:30,USD,M,united states Atlanta Fed GDPNow  (Q2)
2025-06-18,22:00,RUB,M,russia GDP Quarterly (YoY)  (Q1)
2025-06-18,23:30,EUR,M,germany German Buba Balz Speaks
2025-06-19,00:00,USD,M,united states Interest Rate Projection - 1st Yr  (Q2)
2025-06-19,00:00,USD,M,united states Interest Rate Projection - 2nd Yr  (Q2)
2025-06-19,00:00,USD,M,united states Interest Rate Projection - Current  (Q2)
2025-06-19,00:00,USD,M,united states Interest Rate Projection - Longer  (Q2)
2025-06-19,00:00,USD,H,united states FOMC Economic Projections
2025-06-19,00:00,USD,H,united states FOMC Statement
2025-06-19,00:00,USD,H,united states Fed Interest Rate Decision
2025-06-19,00:00,EUR,M,euro zone ECB's De Guindos Speaks
2025-06-19,00:30,USD,H,united states FOMC Press Conference
2025-06-19,02:00,USD,M,united states TIC Net Long-Term Transactions  (Apr)
2025-06-19,03:30,BRL,M,brazil Interest Rate Decision
2025-06-19,04:45,NZD,M,new zealand GDP (QoQ)  (Q1)
2025-06-19,07:30,AUD,M,australia Employment Change  (May)
2025-06-19,07:30,AUD,M,australia Full Employment Change  (May)
2025-06-19,07:30,AUD,M,australia Unemployment Rate  (May)
2025-06-19,13:30,CHF,H,switzerland SNB Interest Rate Decision  (Q2)
2025-06-19,13:30,CHF,M,switzerland SNB Monetary Policy Assessment
2025-06-19,13:30,EUR,M,euro zone ECB President Lagarde Speaks
2025-06-19,14:00,CHF,M,switzerland SNB Press Conference
2025-06-19,14:00,TWD,M,taiwan Interest Rate  (Q2)
2025-06-19,14:00,NOK,M,norway Interest Rate Decision
2025-06-19,14:30,EUR,M,germany German Buba Vice President Buch Speaks
2025-06-19,15:00,EUR,M,germany German Buba President Nagel Speaks
2025-06-19,15:45,EUR,M,euro zone ECB's De Guindos Speaks
2025-06-19,16:00,EUR,M,euro zone Eurogroup Meetings
2025-06-19,16:30,EUR,M,euro zone ECB President Lagarde Speaks
2025-06-19,17:00,GBP,M,united kingdom BoE MPC vote cut  (Jun)
2025-06-19,17:00,GBP,M,united kingdom BoE MPC vote hike  (Jun)
2025-06-19,17:00,GBP,M,united kingdom BoE MPC vote unchanged  (Jun)
2025-06-19,17:00,GBP,H,united kingdom BoE Interest Rate Decision  (Jun)
2025-06-19,17:00,GBP,M,united kingdom BoE MPC Meeting Minutes
2025-06-19,17:00,EUR,M,germany German Buba Vice President Buch Speaks
2025-06-19,17:00,TRY,M,türkiye One-Week Repo Rate  (Jun)
2025-06-20,05:30,JPY,M,japan National Core CPI (YoY)  (May)
2025-06-20,05:30,JPY,M,japan National CPI (MoM)  (May)
2025-06-20,05:50,JPY,M,japan Monetary Policy Meeting Minutes
2025-06-20,07:00,CNY,M,china China Loan Prime Rate 5Y  (Jun)
2025-06-20,07:00,CNY,M,china PBoC Loan Prime Rate
2025-06-20,12:00,GBP,M,united kingdom Core Retail Sales (YoY)  (May)
2025-06-20,12:00,GBP,M,united kingdom Core Retail Sales (MoM)  (May)
2025-06-20,12:00,GBP,M,united kingdom Retail Sales (MoM)  (May)
2025-06-20,12:00,GBP,M,united kingdom Retail Sales (YoY)  (May)
2025-06-20,12:00,EUR,M,germany German PPI (MoM)  (May)
2025-06-20,14:00,EUR,M,euro zone ECB Economic Bulletin
2025-06-20,16:00,EUR,M,euro zone Eurogroup Meetings
2025-06-20,17:30,INR,M,india RBI MPC Meeting Minutes
2025-06-20,18:30,USD,H,united states Philadelphia Fed Manufacturing Index  (Jun)
2025-06-20,18:30,USD,M,united states Philly Fed Employment  (Jun)
2025-06-20,18:30,CAD,M,canada Core Retail Sales (MoM)  (Apr)
2025-06-20,18:30,CAD,M,canada New Housing Price Index (MoM)  (May)
2025-06-20,18:30,CAD,M,canada Retail Sales (MoM)  (Apr)
2025-06-20,18:30,CAD,M,canada RMPI (MoM)  (May)
2025-06-20,18:31,CAD,M,canada Retail Sales (MoM)  (May)
2025-06-20,20:00,USD,M,united states US Leading Index (MoM)  (May)
2025-06-20,21:00,USD,H,united states Fed Monetary Policy Report
2025-06-20,23:00,USD,M,united states U.S. Baker Hughes Oil Rig Count
2025-06-20,23:00,USD,M,united states U.S. Baker Hughes Total Rig Count
2025-06-21,02:30,USD,M,united states Fed's Balance Sheet
2025-06-21,02:30,RUB,M,russia CFTC RUB speculative positions
2025-06-22,08:00,USD,H,united states U.S. President Trump Speaks
2025-06-22,23:15,USD,M,united states FOMC Member Daly Speaks
2025-06-23,11:00,SGD,M,singapore Core CPI (YoY)  (May)
2025-06-23,11:00,SGD,M,singapore CPI (YoY)  (May)
2025-06-23,13:00,USD,M,united states Fed Waller Speaks
2025-06-23,19:00,EUR,M,euro zone ECB President Lagarde Speaks
2025-06-23,20:00,USD,H,united states Existing Home Sales  (May)
2025-06-23,20:00,USD,M,united states Existing Home Sales (MoM)  (May)
2025-06-23,20:00,USD,M,united states FOMC Member Bowman Speaks
2025-06-23,21:00,EUR,M,germany German Buba President Nagel Speaks
2025-06-24,00:30,USD,M,united states FOMC Member Williams Speaks
2025-06-24,01:30,GBP,M,united kingdom CFTC GBP speculative net positions
2025-06-24,01:30,USD,M,united states CFTC Crude Oil speculative net positions
2025-06-24,01:30,USD,M,united states CFTC Gold speculative net positions
2025-06-24,01:30,USD,M,united states CFTC Nasdaq 100 speculative net positions
2025-06-24,01:30,USD,M,united states CFTC S&P 500 speculative net positions
2025-06-24,01:30,AUD,M,australia CFTC AUD speculative net positions
2025-06-24,01:30,BRL,M,brazil CFTC BRL speculative net positions
2025-06-24,01:30,JPY,M,japan CFTC JPY speculative net positions
2025-06-24,01:30,EUR,M,euro zone CFTC EUR speculative net positions
2025-06-24,10:00,MYR,M,malaysia CPI (YoY)  (May)
2025-06-24,11:00,JPY,M,japan BoJ Core CPI (YoY)
2025-06-24,14:00,GBP,M,united kingdom BoE Gov Bailey Speaks
2025-06-24,14:00,EUR,M,germany German Business Expectations  (Jun)
2025-06-24,14:00,EUR,M,germany German Current Assessment  (Jun)
2025-06-24,14:00,EUR,M,germany German Ifo Business Climate Index  (Jun)
2025-06-24,15:00,EUR,M,germany German Buba Mauderer Speaks
2025-06-24,17:15,EUR,M,euro zone ECB's De Guindos Speaks
2025-06-24,18:30,USD,M,united states Current Account  (Q1)
2025-06-24,18:30,CAD,M,canada Core CPI (MoM)  (May)
2025-06-24,18:30,CAD,M,canada Core CPI (YoY)  (May)
2025-06-24,18:30,CAD,M,canada CPI (MoM)  (May)
2025-06-24,19:00,USD,M,united states S&P/CS HPI Composite - 20 n.s.a. (MoM)  (Apr)
2025-06-24,19:00,USD,M,united states S&P/CS HPI Composite - 20 n.s.a. (YoY)  (Apr)
2025-06-24,19:00,EUR,M,euro zone ECB President Lagarde Speaks
2025-06-24,19:35,GBP,M,united kingdom MPC Member Ramsden Speaks
2025-06-24,19:55,EUR,M,euro zone ECB's Lane Speaks
2025-06-24,20:00,GBP,M,united kingdom BoE Gov Bailey Speaks
2025-06-24,20:00,USD,H,united states CB Consumer Confidence  (Jun)
2025-06-24,20:00,USD,H,united states Fed Chair Powell Testifies
2025-06-24,21:40,GBP,M,united kingdom BoE MPC Member Pill Speaks
2025-06-24,22:30,USD,M,united states FOMC Member Williams Speaks
2025-06-25,00:00,USD,M,united states 2-Year Note Auction
2025-06-25,02:00,USD,M,united states Fed Vice Chair for Supervision Barr Speaks
2025-06-25,02:30,USD,M,united states API Weekly Crude Oil Stock
2025-06-25,13:00,EUR,M,spain Spanish GDP (QoQ)  (Q1)
2025-06-25,13:00,THB,M,thailand Interest Rate Decision
2025-06-25,14:00,EUR,M,germany German Buba Mauderer Speaks
2025-06-25,16:00,EUR,M,france France Jobseekers Total  (May)
2025-06-25,18:30,USD,M,united states Building Permits  (May)
2025-06-25,20:00,USD,H,united states Fed Chair Powell Testifies
2025-06-25,20:00,USD,M,united states New Home Sales (MoM)  (May)
2025-06-25,20:00,USD,H,united states New Home Sales  (May)
2025-06-25,20:00,EUR,M,germany German Buba Mauderer Speaks
2025-06-25,20:30,USD,H,united states Crude Oil Inventories
2025-06-25,20:30,USD,M,united states Cushing Crude Oil Inventories
2025-06-25,23:00,USD,M,united states 5-Year Note Auction
2025-06-26,12:00,EUR,M,germany GfK German Consumer Climate  (Jul)
2025-06-26,15:45,EUR,M,euro zone ECB's De Guindos Speaks
2025-06-26,16:00,EUR,M,euro zone EU Leaders Summit
2025-06-26,17:00,GBP,M,united kingdom BoE Gov Bailey Speaks
2025-06-26,17:00,EUR,M,euro zone ECB's Schnabel Speaks
2025-06-26,18:30,USD,M,united states Continuing Jobless Claims
2025-06-26,18:30,USD,M,united states Core Durable Goods Orders (MoM)  (May)
2025-06-26,18:30,USD,M,united states Core PCE Prices  (Q1)
2025-06-26,18:30,USD,H,united states Durable Goods Orders (MoM)  (May)
2025-06-26,18:30,USD,H,united states GDP (QoQ)  (Q1)
2025-06-26,18:30,USD,M,united states GDP Price Index (QoQ)  (Q1)
2025-06-26,18:30,USD,M,united states Goods Trade Balance  (May)
2025-06-26,18:30,USD,H,united states Initial Jobless Claims
2025-06-26,18:30,USD,M,united states Retail Inventories Ex Auto  (May)
2025-06-26,18:30,CAD,M,canada Wholesale Sales (MoM)  (May)
2025-06-26,18:45,USD,M,united states FOMC Member Daly Speaks
2025-06-26,20:00,USD,M,united states Pending Home Sales (MoM)  (May)
2025-06-26,23:00,USD,M,united states 7-Year Note Auction
2025-06-26,23:15,USD,M,united states Fed Vice Chair for Supervision Barr Speaks
2025-06-27,00:30,EUR,M,euro zone ECB President Lagarde Speaks
2025-06-27,01:00,MXN,M,mexico Interest Rate Decision  (Jun)
2025-06-27,02:30,USD,M,united states Fed's Balance Sheet
2025-06-27,05:00,USD,M,united states FOMC Member Kashkari Speaks
2025-06-27,05:30,JPY,M,japan Tokyo Core CPI (YoY)  (Jun)
2025-06-27,12:45,EUR,M,france French Consumer Spending (MoM)  (May)
2025-06-27,12:45,EUR,M,france French CPI (MoM)  (Jun)
2025-06-27,12:45,EUR,M,france French HICP (MoM)  (Jun)
2025-06-27,13:00,EUR,M,spain Spanish CPI (YoY)  (Jun)
2025-06-27,13:00,EUR,M,spain Spanish HICP (YoY)  (Jun)
2025-06-27,15:10,EUR,M,italy Italian 10-Year BTP Auction
2025-06-27,16:00,EUR,M,euro zone EU Leaders Summit
2025-06-27,17:30,USD,M,united states FOMC Member Williams Speaks
2025-06-27,18:00,BRL,M,brazil Unemployment Rate  (May)
2025-06-27,18:30,USD,H,united states Core PCE Price Index (MoM)  (May)
2025-06-27,18:30,USD,H,united states Core PCE Price Index (YoY)  (May)
2025-06-27,18:30,USD,M,united states PCE Price index (YoY)  (May)
2025-06-27,18:30,USD,M,united states PCE price index (MoM)  (May)
2025-06-27,18:30,USD,M,united states Personal Spending (MoM)  (May)
2025-06-27,18:30,CAD,M,canada GDP (MoM)  (Apr)
2025-06-27,18:31,CAD,M,canada GDP (MoM)  (May)
2025-06-27,20:00,USD,M,united states Michigan 1-Year Inflation Expectations  (Jun)
2025-06-27,20:00,USD,M,united states Michigan 5-Year Inflation Expectations  (Jun)
2025-06-27,20:00,USD,M,united states Michigan Consumer Expectations  (Jun)
2025-06-27,20:00,USD,M,united states Michigan Consumer Sentiment  (Jun)
2025-06-27,21:30,USD,M,united states Atlanta Fed GDPNow  (Q2)
2025-06-27,23:00,USD,M,united states U.S. Baker Hughes Oil Rig Count
2025-06-27,23:00,USD,M,united states U.S. Baker Hughes Total Rig Count
2025-06-28,01:30,GBP,M,united kingdom CFTC GBP speculative net positions
2025-06-28,01:30,USD,M,united states CFTC Crude Oil speculative net positions
2025-06-28,01:30,USD,M,united states CFTC Gold speculative net positions
2025-06-28,01:30,USD,M,united states CFTC Nasdaq 100 speculative net positions
2025-06-28,01:30,USD,M,united states CFTC S&P 500 speculative net positions
2025-06-28,01:30,AUD,M,australia CFTC AUD speculative net positions
2025-06-28,01:30,BRL,M,brazil CFTC BRL speculative net positions
2025-06-28,01:30,JPY,M,japan CFTC JPY speculative net positions
2025-06-28,01:30,EUR,M,euro zone CFTC EUR speculative net positions
2025-06-28,02:30,USD,M,united states Fed Bank Stress Test Results
2025-06-28,02:30,RUB,M,russia CFTC RUB speculative positions
2025-06-28,21:30,EUR,M,euro zone ECB's Schnabel Speaks
2025-06-30,05:50,JPY,M,japan Industrial Production (MoM)  (May)
2025-06-30,07:30,CNY,M,china Chinese Composite PMI  (Jun)
2025-06-30,07:30,CNY,H,china Manufacturing PMI  (Jun)
2025-06-30,07:30,CNY,M,china Non-Manufacturing PMI  (Jun)
2025-06-30,12:00,GBP,M,united kingdom Business Investment (QoQ)  (Q1)
2025-06-30,12:00,GBP,M,united kingdom Current Account  (Q1)
2025-06-30,12:00,GBP,H,united kingdom GDP (YoY)  (Q1)
2025-06-30,12:00,GBP,H,united kingdom GDP (QoQ)  (Q1)
2025-06-30,12:00,EUR,M,germany German Retail Sales (MoM)  (May)
2025-06-30,13:00,CHF,M,switzerland KOF Leading Indicators  (Jun)
2025-06-30,14:30,EUR,M,euro zone ECB's De Guindos Speaks
2025-06-30,17:30,BRL,M,brazil Gross Debt-to-GDP ratio (MoM)  (May)
2025-06-30,18:00,EUR,M,germany German CPI (YoY)  (Jun)
2025-06-30,18:00,EUR,H,germany German CPI (MoM)  (Jun)
2025-06-30,19:45,USD,H,united states Chicago PMI  (Jun)
2025-06-30,20:00,USD,M,united states FOMC Member Bostic Speaks
2025-06-30,23:30,EUR,M,euro zone ECB President Lagarde Speaks
2025-07-01,04:00,NZD,M,new zealand NZIER Business Confidence  (Q2)
2025-07-01,05:50,JPY,M,japan Tankan All Big Industry CAPEX  (Q2)
2025-07-01,05:50,JPY,M,japan Tankan Big Manufacturing Outlook Index  (Q2)
2025-07-01,05:50,JPY,M,japan Tankan Large Manufacturers Index  (Q2)
2025-07-01,05:50,JPY,M,japan Tankan Large Non-Manufacturers Index  (Q2)
2025-07-01,09:35,JPY,M,japan 10-Year JGB Auction
2025-07-01,12:00,GBP,M,united kingdom Nationwide HPI (YoY)  (Jun)
2025-07-01,12:00,GBP,M,united kingdom Nationwide HPI (MoM)  (Jun)
2025-07-01,13:30,CHF,M,switzerland procure.ch Manufacturing PMI  (Jun)
2025-07-01,13:40,EUR,M,euro zone ECB's De Guindos Speaks
2025-07-01,13:55,EUR,M,germany German Unemployment Change  (Jun)
2025-07-01,13:55,EUR,M,germany German Unemployment Rate  (Jun)
2025-07-01,14:40,EUR,M,euro zone ECB's Elderson Speaks
2025-07-01,15:00,EUR,M,euro zone Core CPI (YoY)  (Jun)
2025-07-01,15:00,EUR,M,euro zone CPI (MoM)  (Jun)
2025-07-01,15:00,EUR,H,euro zone CPI (YoY)  (Jun)
2025-07-01,16:40,EUR,M,euro zone ECB's Schnabel Speaks
2025-07-01,19:30,GBP,M,united kingdom BoE Gov Bailey Speaks
2025-07-01,19:30,USD,H,united states Fed Chair Powell Speaks
2025-07-01,19:30,EUR,M,euro zone ECB President Lagarde Speaks
2025-07-01,20:00,USD,M,united states Construction Spending (MoM)  (May)
2025-07-01,20:00,USD,M,united states ISM Manufacturing Employment  (Jun)
2025-07-01,20:00,USD,H,united states ISM Manufacturing PMI  (Jun)
2025-07-01,20:00,USD,H,united states ISM Manufacturing Prices  (Jun)
2025-07-01,20:00,USD,H,united states JOLTS Job Openings  (May)
2025-07-01,22:30,USD,M,united states Atlanta Fed GDPNow  (Q2)
2025-07-02,02:30,USD,M,united states API Weekly Crude Oil Stock
2025-07-02,07:30,AUD,M,australia Building Approvals (MoM)  (May)
2025-07-02,07:30,AUD,M,australia Retail Sales (MoM)  (May)
2025-07-02,13:00,EUR,M,spain Spanish Unemployment Change  (Jun)
2025-07-02,14:00,BRL,M,brazil IPC-Fipe Inflation Index (MoM)  (Jun)
2025-07-02,14:00,EUR,M,euro zone ECB's De Guindos Speaks
2025-07-02,15:00,EUR,M,euro zone Unemployment Rate  (May)
2025-07-02,16:00,EUR,M,germany German 10-Year Bund Auction
2025-07-02,16:30,EUR,M,euro zone ECB's Lane Speaks
2025-07-02,18:00,BRL,M,brazil Industrial Production (YoY)  (May)
2025-07-02,18:00,PLN,M,poland Interest Rate Decision  (Jul)
2025-07-02,18:15,USD,H,united states ADP Nonfarm Employment Change  (Jun)
2025-07-02,20:15,EUR,M,euro zone ECB President Lagarde Speaks
2025-07-02,20:30,USD,H,united states Crude Oil Inventories
2025-07-02,20:30,USD,M,united states Cushing Crude Oil Inventories
2025-07-02,22:00,RUB,M,russia Retail Sales (YoY)  (May)
2025-07-02,22:00,RUB,M,russia Unemployment Rate  (May)
2025-07-02,22:03,RUB,M,russia GDP Monthly (YoY)  (May)
2025-07-03,07:30,AUD,M,australia Trade Balance  (May)
2025-07-03,12:30,CHF,M,switzerland CPI (MoM)  (Jun)
2025-07-03,13:00,TRY,M,türkiye CPI (MoM)  (Jun)
2025-07-03,13:00,TRY,M,türkiye CPI (YoY)  (Jun)
2025-07-03,13:05,EUR,M,germany German Buba Balz Speaks
2025-07-03,14:30,GBP,M,united kingdom BOE Credit Conditions Survey
2025-07-03,14:40,EUR,M,spain Spanish 15-Year Obligacion Auction
2025-07-03,17:30,EUR,M,euro zone ECB Publishes Account of Monetary Policy Meeting
2025-07-03,18:30,USD,H,united states Average Hourly Earnings (MoM)  (Jun)
2025-07-03,18:30,USD,M,united states Average Hourly Earnings (YoY) (YoY)  (Jun)
2025-07-03,18:30,USD,M,united states Continuing Jobless Claims
2025-07-03,18:30,USD,M,united states Exports  (May)
2025-07-03,18:30,USD,M,united states Imports  (May)
2025-07-03,18:30,USD,H,united states Initial Jobless Claims
2025-07-03,18:30,USD,H,united states Nonfarm Payrolls  (Jun)
2025-07-03,18:30,USD,M,united states Participation Rate  (Jun)
2025-07-03,18:30,USD,M,united states Private Nonfarm Payrolls  (Jun)
2025-07-03,18:30,USD,M,united states Trade Balance  (May)
2025-07-03,18:30,USD,M,united states U6 Unemployment Rate  (Jun)
2025-07-03,18:30,USD,H,united states Unemployment Rate  (Jun)
2025-07-03,18:30,CAD,M,canada Trade Balance  (May)
2025-07-03,20:00,USD,M,united states Factory Orders (MoM)  (May)
2025-07-03,20:00,USD,M,united states ISM Non-Manufacturing Employment  (Jun)
2025-07-03,20:00,USD,H,united states ISM Non-Manufacturing PMI  (Jun)
2025-07-03,20:00,USD,H,united states ISM Non-Manufacturing Prices  (Jun)
2025-07-03,21:00,USD,M,united states FOMC Member Bostic Speaks
2025-07-03,23:00,USD,M,united states Atlanta Fed GDPNow  (Q2)
2025-07-03,23:00,USD,M,united states U.S. Baker Hughes Oil Rig Count
2025-07-03,23:00,USD,M,united states U.S. Baker Hughes Total Rig Count
2025-07-04,02:30,USD,M,united states Fed's Balance Sheet
2025-07-04,05:30,JPY,M,japan Household Spending (YoY)  (May)
2025-07-04,05:30,JPY,M,japan Household Spending (MoM)  (May)
2025-07-04,12:00,EUR,M,germany German Factory Orders (MoM)  (May)
2025-07-04,13:30,EUR,M,euro zone ECB President Lagarde Speaks
2025-07-04,14:00,EUR,M,euro zone ECB's Elderson Speaks
2025-07-05,00:00,EUR,M,euro zone ECB President Lagarde Speaks
2025-07-05,02:30,RUB,M,russia CFTC RUB speculative positions
2025-07-05,16:00,USD,M,united states OPEC Meeting
2025-07-05,21:45,GBP,M,united kingdom BoE Gov Bailey Speaks
2025-07-06,14:00,BRL,M,brazil BRICS Summit
2025-07-07,12:00,GBP,M,united kingdom Halifax House Price Index (MoM)  (Jun)
2025-07-07,12:00,GBP,M,united kingdom Halifax House Price Index (YoY)  (Jun)
2025-07-07,12:00,SEK,M,sweden CPI (MoM)  (Jun)
2025-07-07,12:00,SEK,M,sweden CPI (YoY)  (Jun)
2025-07-07,12:00,EUR,M,germany German Industrial Production (MoM)  (May)
2025-07-07,14:00,EUR,M,germany German Buba President Nagel Speaks
2025-07-07,14:00,BRL,M,brazil BRICS Summit
2025-07-07,14:30,GBP,M,united kingdom Mortgage Rate (GBP)  (Jun)
2025-07-07,16:00,EUR,M,euro zone Eurogroup Meetings
2025-07-08,01:30,GBP,M,united kingdom CFTC GBP speculative net positions
2025-07-08,01:30,USD,M,united states CFTC Crude Oil speculative net positions
2025-07-08,01:30,USD,M,united states CFTC Gold speculative net positions
2025-07-08,01:30,USD,M,united states CFTC Nasdaq 100 speculative net positions
2025-07-08,01:30,USD,M,united states CFTC S&P 500 speculative net positions
2025-07-08,01:30,AUD,M,australia CFTC AUD speculative net positions
2025-07-08,01:30,BRL,M,brazil CFTC BRL speculative net positions
2025-07-08,01:30,JPY,M,japan CFTC JPY speculative net positions
2025-07-08,01:30,EUR,M,euro zone CFTC EUR speculative net positions
2025-07-08,05:50,JPY,M,japan Adjusted Current Account  (May)
2025-07-08,05:50,JPY,M,japan Current Account n.s.a.  (May)
2025-07-08,07:30,AUD,M,australia NAB Business Confidence  (Jun)
2025-07-08,10:30,AUD,H,australia RBA Interest Rate Decision  (Jul)
2025-07-08,10:30,AUD,M,australia RBA Rate Statement
2025-07-08,12:00,EUR,M,germany German Trade Balance  (May)
2025-07-08,18:00,BRL,M,brazil Retail Sales (YoY)  (May)
2025-07-08,18:00,BRL,M,brazil Retail Sales (MoM)  (May)
2025-07-08,20:00,CAD,M,canada Ivey PMI  (Jun)
2025-07-08,20:00,EUR,M,germany German Buba President Nagel Speaks
2025-07-08,21:00,USD,M,united states NY Fed 1-Year Consumer Inflation Expectations  (Jun)
2025-07-08,22:00,USD,M,united states EIA Short-Term Energy Outlook
2025-07-08,23:00,USD,M,united states 3-Year Note Auction
2025-07-09,01:00,USD,M,united states Consumer Credit  (May)
2025-07-09,02:30,USD,M,united states API Weekly Crude Oil Stock
2025-07-09,07:30,AUD,M,australia Building Approvals (MoM)  (May)
2025-07-09,07:30,CNY,M,china CPI (MoM)  (Jun)
2025-07-09,07:30,CNY,M,china CPI (YoY)  (Jun)
2025-07-09,07:30,CNY,M,china PPI (YoY)  (Jun)
2025-07-09,08:00,NZD,H,new zealand RBNZ Interest Rate Decision
2025-07-09,08:00,NZD,M,new zealand RBNZ Rate Statement
2025-07-09,12:00,GBP,M,united kingdom BoE Financial Stability Report
2025-07-09,13:00,MYR,M,malaysia Interest Rate
2025-07-09,15:30,GBP,M,united kingdom BoE Financial Stability Report
2025-07-09,16:45,EUR,M,euro zone ECB's Lane Speaks
2025-07-09,17:00,EUR,M,euro zone ECB's De Guindos Speaks
2025-07-09,18:00,MXN,M,mexico CPI (MoM)  (Jun)
2025-07-09,18:00,MXN,M,mexico CPI (YoY)  (Jun)
2025-07-09,18:15,EUR,M,germany German Buba President Nagel Speaks
2025-07-09,20:30,USD,H,united states Crude Oil Inventories
2025-07-09,20:30,USD,M,united states Cushing Crude Oil Inventories
2025-07-09,23:00,USD,H,united states 10-Year Note Auction
2025-07-09,23:00,USD,M,united states Atlanta Fed GDPNow  (Q2)
2025-07-10,00:00,USD,H,united states FOMC Meeting Minutes
2025-07-10,12:00,EUR,H,germany German CPI (MoM)  (Jun)
2025-07-10,12:00,EUR,M,germany German CPI (YoY)  (Jun)
2025-07-10,18:00,BRL,M,brazil CPI (YoY)  (Jun)
2025-07-10,18:30,USD,M,united states Continuing Jobless Claims
2025-07-10,18:30,USD,H,united states Initial Jobless Claims
2025-07-10,21:00,MXN,M,mexico Monetary Policy Meeting Minutes
2025-07-10,23:00,USD,H,united states 30-Year Bond Auction
2025-07-10,23:15,USD,M,united states Fed Waller Speaks
2025-07-11,00:30,USD,M,united states FOMC Member Daly Speaks
2025-07-11,02:30,USD,M,united states Fed's Balance Sheet
2025-07-11,04:30,NZD,M,new zealand Business NZ PMI  (Jun)
2025-07-11,12:00,GBP,H,united kingdom GDP (MoM)  (May)
2025-07-11,12:00,GBP,M,united kingdom Industrial Production (MoM)  (May)
2025-07-11,12:00,GBP,M,united kingdom Manufacturing Production (MoM)  (May)
2025-07-11,12:00,GBP,M,united kingdom Monthly GDP 3M/3M Change  (May)
2025-07-11,12:00,GBP,M,united kingdom Trade Balance  (May)
2025-07-11,12:00,GBP,M,united kingdom Trade Balance Non-EU  (May)
2025-07-11,12:45,EUR,M,france French CPI (MoM)  (Jun)
2025-07-11,12:45,EUR,M,france French HICP (MoM)  (Jun)
2025-07-11,13:00,CHF,M,switzerland SECO Consumer Climate  (Jun)
2025-07-11,13:00,TRY,M,türkiye Turkish Retail Sales (MoM)  (May)
2025-07-11,13:00,TRY,M,türkiye Turkish Retail Sales (YoY)  (May)
2025-07-11,14:00,USD,M,united states IEA Monthly Report
2025-07-11,18:00,GBP,M,united kingdom NIESR Monthly GDP Tracker  (Jun)
2025-07-11,18:30,CAD,M,canada Building Permits (MoM)  (May)
2025-07-11,18:30,CAD,M,canada Employment Change  (Jun)
2025-07-11,18:30,CAD,M,canada Unemployment Rate  (Jun)
2025-07-11,22:00,USD,M,united states WASDE Report
2025-07-11,22:00,RUB,M,russia CPI (MoM)  (Jun)
2025-07-11,22:00,RUB,M,russia CPI (YoY)  (Jun)
2025-07-11,23:00,USD,M,united states U.S. Baker Hughes Oil Rig Count
2025-07-11,23:00,USD,M,united states U.S. Baker Hughes Total Rig Count
2025-07-12,00:00,USD,M,united states Federal Budget Balance  (Jun)
2025-07-12,01:30,GBP,M,united kingdom CFTC GBP speculative net positions
2025-07-12,01:30,USD,M,united states CFTC Crude Oil speculative net positions
2025-07-12,01:30,USD,M,united states CFTC Gold speculative net positions
2025-07-12,01:30,USD,M,united states CFTC Nasdaq 100 speculative net positions
2025-07-12,01:30,USD,M,united states CFTC S&P 500 speculative net positions
2025-07-12,01:30,AUD,M,australia CFTC AUD speculative net positions
2025-07-12,01:30,BRL,M,brazil CFTC BRL speculative net positions
2025-07-12,01:30,JPY,M,japan CFTC JPY speculative net positions
2025-07-12,01:30,EUR,M,euro zone CFTC EUR speculative net positions
2025-07-12,02:30,RUB,M,russia CFTC RUB speculative positions
2025-07-14,04:45,NZD,M,new zealand Electronic Card Retail Sales (MoM)  (Jun)
2025-07-14,09:00,CNY,M,china Exports (YoY)  (Jun)
2025-07-14,09:00,CNY,M,china Imports (YoY)  (Jun)
2025-07-14,09:00,CNY,M,china Trade Balance (USD)  (Jun)
2025-07-14,10:30,JPY,M,japan Industrial Production (MoM)  (May)
2025-07-14,12:00,SEK,M,sweden CPI (YoY)  (Jun)
2025-07-14,12:00,SEK,M,sweden CPI (MoM)  (Jun)
2025-07-14,12:30,CHF,M,switzerland PPI (MoM)  (Jun)
2025-07-14,12:30,INR,M,india WPI Inflation (YoY)  (Jun)
2025-07-14,13:00,CNY,M,china New Loans  (Jun)
2025-07-14,16:00,EUR,M,euro zone Eurogroup Meetings
2025-07-14,16:30,INR,M,india CPI (YoY)  (Jun)
2025-07-14,18:30,CAD,M,canada Wholesale Sales (MoM)  (May)
2025-07-14,19:00,GBP,M,united kingdom BoE Gov Bailey Speaks
2025-07-15,05:01,GBP,M,united kingdom BRC Retail Sales Monitor (YoY)  (Jun)
2025-07-15,08:00,CNY,M,china Fixed Asset Investment (YoY)  (Jun)
2025-07-15,08:00,CNY,M,china GDP (QoQ)  (Q2)
2025-07-15,08:00,CNY,H,china GDP (YoY)  (Q2)
2025-07-15,08:00,CNY,M,china Chinese GDP YTD  (YoY)  (Q2)
2025-07-15,08:00,CNY,M,china Industrial Production (YoY)  (Jun)
2025-07-15,08:00,CNY,M,china Chinese Industrial Production YTD  (YoY)  (Jun)
2025-07-15,08:00,CNY,M,china Chinese Unemployment Rate  (Jun)
2025-07-15,08:00,CNY,M,china NBS Press Conference
2025-07-15,13:00,EUR,M,spain Spanish CPI (YoY)  (Jun)
2025-07-15,13:00,EUR,M,spain Spanish HICP (YoY)  (Jun)
2025-07-15,15:00,EUR,M,germany German ZEW Current Conditions  (Jul)
2025-07-15,15:00,EUR,M,germany German ZEW Economic Sentiment  (Jul)
2025-07-15,15:00,EUR,M,euro zone Industrial Production (MoM)  (May)
2025-07-15,15:00,EUR,M,euro zone ZEW Economic Sentiment  (Jul)
2025-07-15,17:00,USD,M,united states OPEC Monthly Report
2025-07-15,18:30,USD,H,united states Core CPI (MoM)  (Jun)
2025-07-15,18:30,USD,M,united states Core CPI (YoY)  (Jun)
2025-07-15,18:30,USD,H,united states CPI (MoM)  (Jun)
2025-07-15,18:30,USD,H,united states CPI (YoY)  (Jun)
2025-07-15,18:30,USD,M,united states NY Empire State Manufacturing Index  (Jul)
2025-07-15,18:30,CAD,M,canada Core CPI (YoY)  (Jun)
2025-07-15,18:30,CAD,M,canada Core CPI (MoM)  (Jun)
2025-07-15,18:30,CAD,M,canada CPI (MoM)  (Jun)
2025-07-15,19:15,USD,M,united states FOMC Member Bowman Speaks
2025-07-15,22:45,USD,M,united states Fed Vice Chair for Supervision Barr Speaks
2025-07-16,02:00,GBP,M,united kingdom BoE Gov Bailey Speaks
2025-07-16,02:30,USD,M,united states API Weekly Crude Oil Stock
2025-07-16,12:00,GBP,M,united kingdom CPI (MoM)  (Jun)
2025-07-16,12:00,GBP,H,united kingdom CPI (YoY)  (Jun)
2025-07-16,12:00,GBP,M,united kingdom CPIH (YoY)
2025-07-16,13:30,IDR,M,indonesia Interest Rate Decision
2025-07-16,15:00,EUR,M,euro zone Trade Balance  (May)
2025-07-16,18:15,CAD,M,canada Housing Starts  (Jun)
2025-07-16,18:30,USD,M,united states Core PPI (MoM)  (Jun)
2025-07-16,18:30,USD,H,united states PPI (MoM)  (Jun)
2025-07-16,19:15,USD,M,united states Industrial Production (MoM)  (Jun)
2025-07-16,19:15,USD,M,united states Industrial Production (YoY)  (Jun)
2025-07-16,20:00,USD,M,united states Fed Vice Chair for Supervision Barr Speaks
2025-07-16,20:30,USD,H,united states Crude Oil Inventories
2025-07-16,20:30,USD,M,united states Cushing Crude Oil Inventories
2025-07-17,00:00,USD,M,united states Beige Book
2025-07-17,02:30,USD,M,united states FOMC Member Williams Speaks
2025-07-17,05:50,JPY,M,japan Adjusted Trade Balance
2025-07-17,05:50,JPY,M,japan Exports (YoY)  (Jun)
2025-07-17,05:50,JPY,M,japan Trade Balance  (Jun)
2025-07-17,07:30,AUD,M,australia Employment Change  (Jun)
2025-07-17,07:30,AUD,M,australia Full Employment Change  (Jun)
2025-07-17,07:30,AUD,M,australia Unemployment Rate  (Jun)
2025-07-17,12:00,GBP,M,united kingdom Average Earnings Index +Bonus  (May)
2025-07-17,12:00,GBP,M,united kingdom Claimant Count Change  (Jun)
2025-07-17,12:00,GBP,M,united kingdom Employment Change 3M/3M (MoM)  (May)
2025-07-17,12:00,GBP,M,united kingdom Unemployment Rate  (May)
2025-07-17,15:00,EUR,M,euro zone Core CPI (YoY)  (Jun)
2025-07-17,15:00,EUR,M,euro zone CPI (MoM)  (Jun)
2025-07-17,15:00,EUR,H,euro zone CPI (YoY)  (Jun)
2025-07-17,18:30,USD,M,united states Continuing Jobless Claims
2025-07-17,18:30,USD,H,united states Core Retail Sales (MoM)  (Jun)
2025-07-17,18:30,USD,M,united states Export Price Index (MoM)  (Jun)
2025-07-17,18:30,USD,M,united states Import Price Index (MoM)  (Jun)
2025-07-17,18:30,USD,H,united states Initial Jobless Claims
2025-07-17,18:30,USD,H,united states Philadelphia Fed Manufacturing Index  (Jul)
2025-07-17,18:30,USD,M,united states Philly Fed Employment  (Jul)
2025-07-17,18:30,USD,M,united states Retail Control (MoM)  (Jun)
2025-07-17,18:30,USD,H,united states Retail Sales (MoM)  (Jun)
2025-07-17,18:30,CAD,M,canada Foreign Securities Purchases  (May)
2025-07-17,20:00,USD,M,united states Business Inventories (MoM)  (May)
2025-07-17,20:00,USD,M,united states Retail Inventories Ex Auto  (May)
2025-07-17,22:00,USD,M,united states Atlanta Fed GDPNow  (Q2)
2025-07-17,22:45,USD,M,united states FOMC Member Daly Speaks
2025-07-18,02:00,USD,M,united states TIC Net Long-Term Transactions  (May)
2025-07-18,02:30,USD,M,united states Fed's Balance Sheet
2025-07-18,04:30,USD,M,united states Fed Waller Speaks
2025-07-18,05:30,JPY,M,japan National Core CPI (YoY)  (Jun)
2025-07-18,05:30,JPY,M,japan National CPI (MoM)  (Jun)
2025-07-18,10:00,MYR,M,malaysia GDP (YoY)  (Q2)
2025-07-18,12:00,EUR,M,germany German PPI (MoM)  (Jun)
2025-07-18,14:15,EUR,M,germany German Buba Mauderer Speaks
2025-07-18,14:15,EUR,M,germany German Buba President Nagel Speaks
2025-07-18,18:30,USD,M,united states Building Permits  (Jun)
2025-07-18,18:30,USD,M,united states Housing Starts  (Jun)
2025-07-18,18:30,USD,M,united states Housing Starts (MoM)  (Jun)
2025-07-18,20:00,USD,M,united states Michigan 1-Year Inflation Expectations  (Jul)
2025-07-18,20:00,USD,M,united states Michigan 5-Year Inflation Expectations  (Jul)
2025-07-18,20:00,USD,M,united states Michigan Consumer Expectations  (Jul)
2025-07-18,20:00,USD,M,united states Michigan Consumer Sentiment  (Jul)
2025-07-18,21:30,USD,M,united states Atlanta Fed GDPNow  (Q2)
2025-07-18,23:00,USD,M,united states U.S. Baker Hughes Oil Rig Count
2025-07-18,23:00,USD,M,united states U.S. Baker Hughes Total Rig Count
2025-07-19,01:30,GBP,M,united kingdom CFTC GBP speculative net positions
2025-07-19,01:30,USD,M,united states CFTC Crude Oil speculative net positions
2025-07-19,01:30,USD,M,united states CFTC Gold speculative net positions
2025-07-19,01:30,USD,M,united states CFTC Nasdaq 100 speculative net positions
2025-07-19,01:30,USD,M,united states CFTC S&P 500 speculative net positions
2025-07-19,01:30,AUD,M,australia CFTC AUD speculative net positions
2025-07-19,01:30,BRL,M,brazil CFTC BRL speculative net positions
2025-07-19,01:30,JPY,M,japan CFTC JPY speculative net positions
2025-07-19,01:30,EUR,M,euro zone CFTC EUR speculative net positions
2025-07-19,02:30,RUB,M,russia CFTC RUB speculative positions
2025-07-21,04:45,NZD,M,new zealand CPI (YoY)  (Q2)
2025-07-21,04:45,NZD,M,new zealand CPI (QoQ)  (Q2)
2025-07-21,07:00,CNY,M,china China Loan Prime Rate 5Y  (Jul)
2025-07-21,07:00,CNY,M,china PBoC Loan Prime Rate
2025-07-21,18:30,CAD,M,canada RMPI (MoM)  (Jun)
2025-07-21,20:00,USD,M,united states US Leading Index (MoM)  (Jun)
2025-07-21,20:30,CAD,M,canada BoC Business Outlook Survey
2025-07-22,07:30,AUD,M,australia RBA Meeting Minutes
2025-07-22,10:00,MYR,M,malaysia CPI (YoY)  (Jun)
2025-07-22,15:15,GBP,M,united kingdom BoE Gov Bailey Speaks
2025-07-22,18:30,USD,H,united states Fed Chair Powell Speaks
2025-07-22,23:00,USD,M,united states FOMC Member Bowman Speaks
2025-07-22,23:00,EUR,M,euro zone ECB President Lagarde Speaks
2025-07-23,02:30,USD,M,united states API Weekly Crude Oil Stock
2025-07-23,11:00,JPY,M,japan BoJ Core CPI (YoY)
2025-07-23,11:00,SGD,M,singapore Core CPI (YoY)  (Jun)
2025-07-23,11:00,SGD,M,singapore CPI (YoY)  (Jun)
2025-07-23,15:30,EUR,M,germany German 10-Year Bund Auction
2025-07-23,18:30,CAD,M,canada New Housing Price Index (MoM)  (Jun)
2025-07-23,20:00,USD,M,united states Existing Home Sales (MoM)  (Jun)
2025-07-23,20:00,USD,H,united states Existing Home Sales  (Jun)
2025-07-23,20:30,USD,H,united states Crude Oil Inventories
2025-07-23,20:30,USD,M,united states Cushing Crude Oil Inventories
2025-07-23,23:00,USD,M,united states 20-Year Bond Auction
2025-07-24,12:00,EUR,M,germany GfK German Consumer Climate  (Aug)
2025-07-24,17:00,TRY,M,türkiye One-Week Repo Rate  (Jul)
2025-07-24,18:00,USD,M,united states Building Permits  (Jun)
2025-07-24,18:15,EUR,H,euro zone Deposit Facility Rate  (Jul)
2025-07-24,18:15,EUR,M,euro zone ECB Marginal Lending Facility
2025-07-24,18:15,EUR,M,euro zone ECB Monetary Policy Statement
2025-07-24,18:15,EUR,H,euro zone ECB Interest Rate Decision  (Jul)
2025-07-24,18:30,USD,M,united states Continuing Jobless Claims
2025-07-24,18:30,USD,H,united states Initial Jobless Claims
2025-07-24,18:30,CAD,M,canada Core Retail Sales (MoM)  (May)
2025-07-24,18:30,CAD,M,canada Retail Sales (MoM)  (May)
2025-07-24,18:31,CAD,M,canada Retail Sales (MoM)  (Jun)
2025-07-24,18:45,EUR,H,euro zone ECB Press Conference
2025-07-24,20:00,USD,M,united states New Home Sales (MoM)  (Jun)
2025-07-24,20:00,USD,H,united states New Home Sales  (Jun)
2025-07-24,20:15,EUR,M,euro zone ECB President Lagarde Speaks
2025-07-24,23:00,USD,M,united states 10-Year TIPS Auction
2025-07-25,02:30,USD,M,united states Fed's Balance Sheet
2025-07-25,05:30,JPY,M,japan Tokyo Core CPI (YoY)  (Jul)
2025-07-25,12:00,GBP,M,united kingdom Core Retail Sales (MoM)  (Jun)
2025-07-25,12:00,GBP,M,united kingdom Core Retail Sales (YoY)  (Jun)
2025-07-25,12:00,GBP,M,united kingdom Retail Sales (MoM)  (Jun)
2025-07-25,12:00,GBP,M,united kingdom Retail Sales (YoY)  (Jun)
2025-07-25,14:00,EUR,M,germany German Business Expectations  (Jul)
2025-07-25,14:00,EUR,M,germany German Current Assessment  (Jul)
2025-07-25,14:00,EUR,M,germany German Ifo Business Climate Index  (Jul)
2025-07-25,16:30,RUB,M,russia Interest Rate Decision  (Jul)
2025-07-25,18:00,RUB,M,russia CBR Press Conference
2025-07-25,18:30,USD,M,united states Core Durable Goods Orders (MoM)  (Jun)
2025-07-25,18:30,USD,H,united states Durable Goods Orders (MoM)  (Jun)
2025-07-25,21:30,USD,M,united states Atlanta Fed GDPNow  (Q2)
2025-07-25,23:00,USD,M,united states U.S. Baker Hughes Oil Rig Count
2025-07-25,23:00,USD,M,united states U.S. Baker Hughes Total Rig Count
2025-07-26,01:30,GBP,M,united kingdom CFTC GBP speculative net positions
2025-07-26,01:30,USD,M,united states CFTC Crude Oil speculative net positions
2025-07-26,01:30,USD,M,united states CFTC Gold speculative net positions
2025-07-26,01:30,USD,M,united states CFTC Nasdaq 100 speculative net positions
2025-07-26,01:30,USD,M,united states CFTC S&P 500 speculative net positions
2025-07-26,01:30,AUD,M,australia CFTC AUD speculative net positions
2025-07-26,01:30,BRL,M,brazil CFTC BRL speculative net positions
2025-07-26,01:30,JPY,M,japan CFTC JPY speculative net positions
2025-07-26,01:30,EUR,M,euro zone CFTC EUR speculative net positions
2025-07-26,02:30,RUB,M,russia CFTC RUB speculative positions
2025-07-28,18:30,CAD,M,canada Wholesale Sales (MoM)  (Jun)
2025-07-28,21:00,USD,M,united states 2-Year Note Auction
2025-07-28,23:00,USD,M,united states 5-Year Note Auction
2025-07-29,12:00,SEK,M,sweden GDP (QoQ)  (Q2)
2025-07-29,12:00,SEK,M,sweden GDP (YoY)  (Q2)
2025-07-29,13:00,EUR,M,spain Spanish GDP (QoQ)  (Q2)
2025-07-29,16:00,EUR,M,france France Jobseekers Total  (Jun)
2025-07-29,18:30,USD,M,united states Goods Trade Balance  (Jun)
2025-07-29,18:30,USD,M,united states Retail Inventories Ex Auto  (Jun)
2025-07-29,19:00,USD,M,united states S&P/CS HPI Composite - 20 n.s.a. (MoM)  (May)
2025-07-29,19:00,USD,M,united states S&P/CS HPI Composite - 20 n.s.a. (YoY)  (May)
2025-07-29,20:00,USD,H,united states CB Consumer Confidence  (Jul)
2025-07-29,20:00,USD,H,united states JOLTS Job Openings  (Jun)
2025-07-29,21:30,USD,M,united states Atlanta Fed GDPNow  (Q2)
2025-07-29,23:00,USD,M,united states 7-Year Note Auction
2025-07-30,02:30,USD,M,united states API Weekly Crude Oil Stock
2025-07-30,07:30,AUD,M,australia CPI (QoQ)  (Q2)
2025-07-30,07:30,AUD,M,australia CPI (YoY)  (Q2)
2025-07-30,07:30,AUD,M,australia Trimmed Mean CPI (QoQ)  (Q2)
2025-07-30,11:30,EUR,M,france French Consumer Spending (MoM)  (Jun)
2025-07-30,11:30,EUR,M,france French GDP (YoY)  (Q2)
2025-07-30,11:30,EUR,M,france French GDP (QoQ)  (Q2)
2025-07-30,12:00,EUR,M,germany German Retail Sales (MoM)  (Jun)
2025-07-30,12:30,HUF,M,hungary GDP (YoY)  (Q2)
2025-07-30,13:00,CHF,M,switzerland KOF Leading Indicators  (Jul)
2025-07-30,13:00,EUR,M,spain Spanish CPI (YoY)  (Jul)
2025-07-30,13:00,EUR,M,spain Spanish HICP (YoY)  (Jul)
2025-07-30,14:00,EUR,M,germany German GDP (YoY)  (Q2)
2025-07-30,14:00,EUR,H,germany German GDP (QoQ)  (Q2)
2025-07-30,15:00,EUR,M,euro zone GDP (YoY)  (Q2)
2025-07-30,15:00,EUR,M,euro zone GDP (QoQ)  (Q2)
2025-07-30,15:10,EUR,M,italy Italian 10-Year BTP Auction
2025-07-30,18:00,MXN,M,mexico GDP (YoY)  (Q2)
2025-07-30,18:00,MXN,M,mexico GDP (QoQ)  (Q2)
2025-07-30,18:15,USD,H,united states ADP Nonfarm Employment Change  (Jul)
2025-07-30,18:30,USD,M,united states Core PCE Prices  (Q2)
2025-07-30,18:30,USD,H,united states GDP (QoQ)  (Q2)
2025-07-30,18:30,USD,M,united states GDP Price Index (QoQ)  (Q2)
2025-07-30,19:45,CAD,M,canada BoC Monetary Policy Report
2025-07-30,19:45,CAD,M,canada BoC Rate Statement
2025-07-30,19:45,CAD,H,canada BoC Interest Rate Decision
2025-07-30,20:00,USD,M,united states Pending Home Sales (MoM)  (Jun)
2025-07-30,20:30,USD,H,united states Crude Oil Inventories
2025-07-30,20:30,USD,M,united states Cushing Crude Oil Inventories
2025-07-30,20:30,CAD,M,canada BOC Press Conference
2025-07-30,22:00,RUB,M,russia Unemployment Rate  (Jun)
2025-07-31,00:00,USD,H,united states FOMC Statement
2025-07-31,00:00,USD,H,united states Fed Interest Rate Decision
2025-07-31,00:30,USD,H,united states FOMC Press Conference
2025-07-31,03:30,BRL,M,brazil Interest Rate Decision
2025-07-31,05:50,JPY,M,japan Industrial Production (MoM)  (Jun)
2025-07-31,07:30,AUD,M,australia Building Approvals (MoM)  (Jun)
2025-07-31,07:30,AUD,M,australia Retail Sales (MoM)  (Jun)
2025-07-31,07:30,CNY,M,china Chinese Composite PMI  (Jul)
2025-07-31,07:30,CNY,H,china Manufacturing PMI  (Jul)
2025-07-31,07:30,CNY,M,china Non-Manufacturing PMI  (Jul)
2025-07-31,08:30,JPY,M,japan BoJ Monetary Policy Statement
2025-07-31,08:30,JPY,M,japan BoJ Outlook Report (YoY)
2025-07-31,09:00,JPY,H,japan BoJ Interest Rate Decision
2025-07-31,12:30,JPY,M,japan BoJ Press Conference
2025-07-31,12:45,EUR,M,france French CPI (MoM)  (Jul)
2025-07-31,12:45,EUR,M,france French HICP (MoM)  (Jul)
2025-07-31,13:55,EUR,M,germany German Unemployment Change  (Jul)
2025-07-31,13:55,EUR,M,germany German Unemployment Rate  (Jul)
2025-07-31,15:00,EUR,M,euro zone Unemployment Rate  (Jun)
2025-07-31,17:30,BRL,M,brazil Gross Debt-to-GDP ratio (MoM)  (Jun)
2025-07-31,18:00,EUR,M,germany German CPI (YoY)  (Jul)
2025-07-31,18:00,EUR,H,germany German CPI (MoM)  (Jul)
2025-07-31,18:00,BRL,M,brazil Unemployment Rate  (Jun)
2025-07-31,18:30,USD,M,united states Continuing Jobless Claims
2025-07-31,18:30,USD,H,united states Core PCE Price Index (MoM)  (Jun)
2025-07-31,18:30,USD,H,united states Core PCE Price Index (YoY)  (Jun)
2025-07-31,18:30,USD,M,united states Employment Cost Index (QoQ)  (Q2)
2025-07-31,18:30,USD,H,united states Initial Jobless Claims
2025-07-31,18:30,USD,M,united states PCE Price index (YoY)  (Jun)
2025-07-31,18:30,USD,M,united states PCE price index (MoM)  (Jun)
2025-07-31,18:30,USD,M,united states Personal Spending (MoM)  (Jun)
2025-07-31,18:30,CAD,M,canada GDP (MoM)  (May)
2025-07-31,18:31,CAD,M,canada GDP (MoM)  (Jun)
2025-07-31,19:00,ZAR,M,south africa Interest Rate Decision  (Aug)
2025-07-31,19:45,USD,H,united states Chicago PMI  (Jul)
2025-07-31,21:30,USD,M,united states Atlanta Fed GDPNow  (Q3)
2025-08-01,02:30,USD,M,united states Fed's Balance Sheet
2025-08-01,07:30,AUD,M,australia PPI (QoQ)  (Q2)
2025-08-01,07:30,AUD,M,australia PPI (YoY)  (Q2)
2025-08-01,12:00,GBP,M,united kingdom Nationwide HPI (MoM)  (Jul)
2025-08-01,12:00,GBP,M,united kingdom Nationwide HPI (YoY)  (Jul)
2025-08-01,15:00,EUR,M,euro zone Core CPI (YoY)  (Jul)
2025-08-01,15:00,EUR,M,euro zone CPI (MoM)  (Jul)
2025-08-01,15:00,EUR,H,euro zone CPI (YoY)  (Jul)
2025-08-01,18:00,BRL,M,brazil Industrial Production (YoY)  (Jun)
2025-08-01,18:30,USD,M,united states Average Hourly Earnings (YoY) (YoY)  (Jul)
2025-08-01,18:30,USD,H,united states Average Hourly Earnings (MoM)  (Jul)
2025-08-01,18:30,USD,H,united states Nonfarm Payrolls  (Jul)
2025-08-01,18:30,USD,M,united states Participation Rate  (Jul)
2025-08-01,18:30,USD,M,united states Private Nonfarm Payrolls  (Jul)
2025-08-01,18:30,USD,M,united states U6 Unemployment Rate  (Jul)
2025-08-01,18:30,USD,H,united states Unemployment Rate  (Jul)
2025-08-01,20:00,USD,M,united states Construction Spending (MoM)  (Jun)
2025-08-01,20:00,USD,M,united states ISM Manufacturing Employment  (Jul)
2025-08-01,20:00,USD,H,united states ISM Manufacturing PMI  (Jul)
2025-08-01,20:00,USD,H,united states ISM Manufacturing Prices  (Jul)
2025-08-01,20:00,USD,M,united states Michigan 1-Year Inflation Expectations  (Jul)
2025-08-01,20:00,USD,M,united states Michigan 5-Year Inflation Expectations  (Jul)
2025-08-01,20:00,USD,M,united states Michigan Consumer Expectations  (Jul)
2025-08-01,20:00,USD,M,united states Michigan Consumer Sentiment  (Jul)
2025-08-01,21:55,USD,M,united states Atlanta Fed GDPNow  (Q3)
2025-08-01,23:00,USD,M,united states U.S. Baker Hughes Oil Rig Count
2025-08-01,23:00,USD,M,united states U.S. Baker Hughes Total Rig Count
2025-08-02,01:10,USD,M,united states FOMC Member Daly Speaks
2025-08-02,01:30,GBP,M,united kingdom CFTC GBP speculative net positions
2025-08-02,01:30,USD,M,united states CFTC Crude Oil speculative net positions
2025-08-02,01:30,USD,M,united states CFTC Gold speculative net positions
2025-08-02,01:30,USD,M,united states CFTC Nasdaq 100 speculative net positions
2025-08-02,01:30,USD,M,united states CFTC S&P 500 speculative net positions
2025-08-02,01:30,AUD,M,australia CFTC AUD speculative net positions
2025-08-02,01:30,BRL,M,brazil CFTC BRL speculative net positions
2025-08-02,01:30,JPY,M,japan CFTC JPY speculative net positions
2025-08-02,01:30,EUR,M,euro zone CFTC EUR speculative net positions
2025-08-02,02:30,RUB,M,russia CFTC RUB speculative positions
2025-08-04,12:30,CHF,M,switzerland CPI (MoM)  (Jul)
2025-08-04,13:00,EUR,M,spain Spanish Unemployment Change  (Jul)
2025-08-04,13:00,TRY,M,türkiye CPI (YoY)  (Jul)
2025-08-04,13:00,TRY,M,türkiye CPI (MoM)  (Jul)
2025-08-04,13:30,CHF,M,switzerland procure.ch Manufacturing PMI  (Jul)
2025-08-04,14:00,BRL,M,brazil IPC-Fipe Inflation Index (MoM)  (Jul)
2025-08-04,20:00,USD,M,united states Factory Orders (MoM)  (Jun)
2025-08-05,05:50,JPY,M,japan Monetary Policy Meeting Minutes
2025-08-05,09:35,JPY,M,japan 10-Year JGB Auction
2025-08-05,18:00,USD,H,united states U.S. President Trump Speaks
2025-08-05,18:30,USD,M,united states Exports  (Jun)
2025-08-05,18:30,USD,M,united states Imports  (Jun)
2025-08-05,18:30,USD,M,united states Trade Balance  (Jun)
2025-08-05,18:30,CAD,M,canada Trade Balance  (Jun)
2025-08-05,20:00,USD,M,united states ISM Non-Manufacturing Employment  (Jul)
2025-08-05,20:00,USD,H,united states ISM Non-Manufacturing PMI  (Jul)
2025-08-05,20:00,USD,H,united states ISM Non-Manufacturing Prices  (Jul)
2025-08-05,22:00,USD,M,united states Atlanta Fed GDPNow  (Q3)
2025-08-05,23:00,USD,M,united states 3-Year Note Auction
2025-08-06,02:30,USD,M,united states API Weekly Crude Oil Stock
2025-08-06,10:30,INR,M,india Interest Rate Decision
2025-08-06,12:00,EUR,M,germany German Factory Orders (MoM)  (Jun)
2025-08-06,20:30,USD,H,united states Crude Oil Inventories
2025-08-06,20:30,USD,M,united states Cushing Crude Oil Inventories
2025-08-06,23:00,USD,H,united states 10-Year Note Auction
2025-08-07,02:10,USD,M,united states FOMC Member Daly Speaks
2025-08-07,07:30,AUD,M,australia Building Approvals (MoM)  (Jun)
2025-08-07,07:30,AUD,M,australia Trade Balance  (Jun)
2025-08-07,09:00,NZD,M,new zealand Inflation Expectations (QoQ)  (Q3)
2025-08-07,09:06,CNY,M,china Exports (YoY)  (Jul)
2025-08-07,09:06,CNY,M,china Imports (YoY)  (Jul)
2025-08-07,09:06,CNY,M,china Trade Balance (USD)  (Jul)
2025-08-07,12:00,GBP,M,united kingdom Halifax House Price Index (YoY)  (Jul)
2025-08-07,12:00,GBP,M,united kingdom Halifax House Price Index (MoM)  (Jul)
2025-08-07,12:00,SEK,M,sweden CPI (MoM)  (Jul)
2025-08-07,12:00,SEK,M,sweden CPI (YoY)  (Jul)
2025-08-07,12:00,EUR,M,germany German Industrial Production (MoM)  (Jun)
2025-08-07,12:00,EUR,M,germany German Trade Balance  (Jun)
2025-08-07,14:00,EUR,M,euro zone ECB Economic Bulletin
2025-08-07,14:30,GBP,M,united kingdom Mortgage Rate (GBP)  (Jul)
2025-08-07,17:00,GBP,M,united kingdom BoE MPC vote cut  (Aug)
2025-08-07,17:00,GBP,M,united kingdom BoE MPC vote hike  (Aug)
2025-08-07,17:00,GBP,M,united kingdom BoE MPC vote unchanged  (Aug)
2025-08-07,17:00,GBP,H,united kingdom BoE Interest Rate Decision  (Aug)
2025-08-07,17:00,GBP,M,united kingdom BoE MPC Meeting Minutes
2025-08-07,17:30,GBP,M,united kingdom BoE Gov Bailey Speaks
2025-08-07,17:30,GBP,M,united kingdom BOE Inflation Letter
2025-08-07,18:00,MXN,M,mexico CPI (MoM)  (Jul)
2025-08-07,18:00,MXN,M,mexico CPI (YoY)  (Jul)
2025-08-07,18:30,USD,M,united states Continuing Jobless Claims
2025-08-07,18:30,USD,H,united states Initial Jobless Claims
2025-08-07,18:30,USD,M,united states Nonfarm Productivity (QoQ)  (Q2)
2025-08-07,18:30,USD,M,united states Unit Labor Costs (QoQ)  (Q2)
2025-08-07,20:00,USD,M,united states FOMC Member Bostic Speaks
2025-08-07,20:00,CAD,M,canada Ivey PMI  (Jul)
2025-08-07,21:00,USD,M,united states NY Fed 1-Year Consumer Inflation Expectations  (Jul)
2025-08-07,22:00,USD,M,united states Atlanta Fed GDPNow  (Q3)
2025-08-07,23:00,USD,H,united states 30-Year Bond Auction
2025-08-08,01:00,USD,M,united states Consumer Credit  (Jun)
2025-08-08,01:00,MXN,M,mexico Interest Rate Decision  (Aug)
2025-08-08,02:00,USD,H,united states U.S. President Trump Speaks
2025-08-08,02:30,USD,M,united states Fed's Balance Sheet
2025-08-08,05:30,JPY,M,japan Household Spending (YoY)  (Jun)
2025-08-08,05:30,JPY,M,japan Household Spending (MoM)  (Jun)
2025-08-08,05:50,JPY,M,japan Adjusted Current Account  (Jun)
2025-08-08,05:50,JPY,M,japan Current Account n.s.a.  (Jun)
2025-08-08,13:00,CHF,M,switzerland SECO Consumer Climate  (Q3)
2025-08-08,17:15,GBP,M,united kingdom BoE MPC Member Pill Speaks
2025-08-08,18:30,CAD,M,canada Employment Change  (Jul)
2025-08-08,18:30,CAD,M,canada Unemployment Rate  (Jul)
2025-08-08,22:00,RUB,M,russia Retail Sales (YoY)  (Jun)
2025-08-08,23:00,USD,M,united states U.S. Baker Hughes Oil Rig Count
2025-08-08,23:00,USD,M,united states U.S. Baker Hughes Total Rig Count
2025-08-09,01:30,GBP,M,united kingdom CFTC GBP speculative net positions
2025-08-09,01:30,USD,M,united states CFTC Crude Oil speculative net positions
2025-08-09,01:30,USD,M,united states CFTC Gold speculative net positions
2025-08-09,01:30,USD,M,united states CFTC Nasdaq 100 speculative net positions
2025-08-09,01:30,USD,M,united states CFTC S&P 500 speculative net positions
2025-08-09,01:30,AUD,M,australia CFTC AUD speculative net positions
2025-08-09,01:30,BRL,M,brazil CFTC BRL speculative net positions
2025-08-09,01:30,JPY,M,japan CFTC JPY speculative net positions
2025-08-09,01:30,EUR,M,euro zone CFTC EUR speculative net positions
2025-08-09,02:30,RUB,M,russia CFTC RUB speculative positions
2025-08-09,07:30,CNY,M,china CPI (MoM)  (Jul)
2025-08-09,07:30,CNY,M,china CPI (YoY)  (Jul)
2025-08-09,07:30,CNY,M,china PPI (YoY)  (Jul)
2025-08-09,22:15,USD,M,united states FOMC Member Bowman Speaks
2025-08-12,05:01,GBP,M,united kingdom BRC Retail Sales Monitor (YoY)  (Jul)
2025-08-12,07:30,AUD,M,australia NAB Business Confidence  (Jul)
2025-08-12,10:30,AUD,H,australia RBA Interest Rate Decision  (Aug)
2025-08-12,10:30,AUD,M,australia RBA Monetary Policy Statement
2025-08-12,10:30,AUD,M,australia RBA Rate Statement
2025-08-12,12:00,GBP,M,united kingdom Average Earnings Index +Bonus  (Jun)
2025-08-12,12:00,GBP,M,united kingdom Claimant Count Change  (Jul)
2025-08-12,12:00,GBP,M,united kingdom Employment Change 3M/3M (MoM)  (Jun)
2025-08-12,12:00,GBP,M,united kingdom Unemployment Rate  (Jun)
2025-08-12,13:00,TRY,M,türkiye Turkish Retail Sales (MoM)  (Jun)
2025-08-12,13:00,TRY,M,türkiye Turkish Retail Sales (YoY)  (Jun)
2025-08-12,15:00,EUR,M,germany German ZEW Current Conditions  (Aug)
2025-08-12,15:00,EUR,M,germany German ZEW Economic Sentiment  (Aug)
2025-08-12,15:00,EUR,M,euro zone ZEW Economic Sentiment  (Aug)
2025-08-12,16:30,INR,M,india CPI (YoY)  (Jul)
2025-08-12,17:00,USD,M,united states OPEC Monthly Report
2025-08-12,18:00,BRL,M,brazil CPI (YoY)  (Jul)
2025-08-12,18:30,USD,H,united states Core CPI (MoM)  (Jul)
2025-08-12,18:30,USD,M,united states Core CPI (YoY)  (Jul)
2025-08-12,18:30,USD,H,united states CPI (YoY)  (Jul)
2025-08-12,18:30,USD,H,united states CPI (MoM)  (Jul)
2025-08-12,18:30,CAD,M,canada Building Permits (MoM)  (Jun)
2025-08-12,22:00,USD,M,united states EIA Short-Term Energy Outlook
2025-08-12,22:00,USD,M,united states WASDE Report
2025-08-13,00:00,USD,M,united states Federal Budget Balance  (Jul)
2025-08-13,02:30,USD,M,united states API Weekly Crude Oil Stock
2025-08-13,04:45,NZD,M,new zealand Electronic Card Retail Sales (MoM)  (Jul)
2025-08-13,07:30,AUD,M,australia Home Loans (MoM)
2025-08-13,07:30,AUD,M,australia Wage Price Index (QoQ)  (Q2)
2025-08-13,12:00,EUR,H,germany German CPI (MoM)  (Jul)
2025-08-13,12:00,EUR,M,germany German CPI (YoY)  (Jul)
2025-08-13,13:00,EUR,M,spain Spanish CPI (YoY)  (Jul)
2025-08-13,13:00,EUR,M,spain Spanish HICP (YoY)  (Jul)
2025-08-13,13:00,THB,M,thailand Interest Rate Decision
2025-08-13,14:00,USD,M,united states IEA Monthly Report
2025-08-13,14:00,PLN,M,poland GDP (YoY)  (Q2)
2025-08-13,14:00,PLN,M,poland GDP (QoQ)  (Q2)
2025-08-13,15:00,CNY,M,china New Loans  (Jul)
2025-08-13,15:30,EUR,M,germany German 10-Year Bund Auction
2025-08-13,18:00,BRL,M,brazil Retail Sales (YoY)  (Jun)
2025-08-13,18:00,BRL,M,brazil Retail Sales (MoM)  (Jun)
2025-08-13,20:30,USD,H,united states Crude Oil Inventories
2025-08-13,20:30,USD,M,united states Cushing Crude Oil Inventories
2025-08-13,21:15,USD,H,united states U.S. President Trump Speaks
2025-08-13,22:00,RUB,M,russia CPI (YoY)  (Jul)
2025-08-13,22:00,RUB,M,russia CPI (MoM)  (Jul)
2025-08-13,22:00,RUB,M,russia GDP Quarterly (YoY)  (Q2)
2025-08-13,23:30,USD,M,united states FOMC Member Bostic Speaks
2025-08-14,07:30,AUD,M,australia Employment Change  (Jul)
2025-08-14,07:30,AUD,M,australia Full Employment Change  (Jul)
2025-08-14,07:30,AUD,M,australia Unemployment Rate  (Jul)
2025-08-14,12:00,GBP,M,united kingdom Business Investment (QoQ)  (Q2)
2025-08-14,12:00,GBP,H,united kingdom GDP (QoQ)  (Q2)
2025-08-14,12:00,GBP,H,united kingdom GDP (YoY)  (Q2)
2025-08-14,12:00,GBP,H,united kingdom GDP (MoM)  (Jun)
2025-08-14,12:00,GBP,M,united kingdom Industrial Production (MoM)  (Jun)
2025-08-14,12:00,GBP,M,united kingdom Manufacturing Production (MoM)  (Jun)
2025-08-14,12:00,GBP,M,united kingdom Monthly GDP 3M/3M Change  (Jun)
2025-08-14,12:00,GBP,M,united kingdom Trade Balance  (Jun)
2025-08-14,12:00,GBP,M,united kingdom Trade Balance Non-EU  (Jun)
2025-08-14,12:00,SEK,M,sweden CPI (MoM)  (Jul)
2025-08-14,12:00,SEK,M,sweden CPI (YoY)  (Jul)
2025-08-14,12:30,CHF,M,switzerland PPI (MoM)  (Jul)
2025-08-14,12:30,INR,M,india WPI Inflation (YoY)  (Jul)
2025-08-14,12:45,EUR,M,france French CPI (MoM)  (Jul)
2025-08-14,12:45,EUR,M,france French HICP (MoM)  (Jul)
2025-08-14,14:00,NOK,M,norway Interest Rate Decision
2025-08-14,14:30,GBP,M,united kingdom Labour Productivity  (Q1)
2025-08-14,15:00,EUR,M,euro zone GDP (YoY)  (Q2)
2025-08-14,15:00,EUR,M,euro zone GDP (QoQ)  (Q2)
2025-08-14,15:00,EUR,M,euro zone Industrial Production (MoM)  (Jun)
2025-08-14,16:00,EUR,M,euro zone Eurogroup Meetings
2025-08-14,18:30,USD,M,united states Continuing Jobless Claims
2025-08-14,18:30,USD,M,united states Core PPI (MoM)  (Jul)
2025-08-14,18:30,USD,H,united states Initial Jobless Claims
2025-08-14,18:30,USD,H,united states PPI (MoM)  (Jul)
2025-08-14,19:30,GBP,M,united kingdom NIESR Monthly GDP Tracker  (Jul)
2025-08-14,23:00,USD,H,united states U.S. President Trump Speaks
2025-08-15,02:30,USD,M,united states Fed's Balance Sheet
2025-08-15,04:30,NZD,M,new zealand Business NZ PMI  (Jul)
2025-08-15,05:50,JPY,M,japan GDP (YoY)  (Q2)
2025-08-15,05:50,JPY,H,japan GDP (QoQ)  (Q2)
2025-08-15,05:50,JPY,M,japan GDP Annualized (QoQ)  (Q2)
2025-08-15,05:50,JPY,M,japan GDP Price Index (YoY)  (Q2)
2025-08-15,08:00,CNY,M,china Fixed Asset Investment (YoY)  (Jul)
2025-08-15,08:00,CNY,M,china Industrial Production (YoY)  (Jul)
2025-08-15,08:00,CNY,M,china Chinese Industrial Production YTD  (YoY)  (Jul)
2025-08-15,08:00,CNY,M,china Chinese Unemployment Rate  (Jul)
2025-08-15,08:00,CNY,M,china NBS Press Conference
2025-08-15,10:00,MYR,M,malaysia GDP (YoY)  (Q2)
2025-08-15,10:30,JPY,M,japan Industrial Production (MoM)  (Jun)
2025-08-15,13:00,CHF,M,switzerland GDP (QoQ)  (Q2)
2025-08-15,18:30,USD,H,united states Core Retail Sales (MoM)  (Jul)
2025-08-15,18:30,USD,M,united states Export Price Index (MoM)  (Jul)
2025-08-15,18:30,USD,M,united states Import Price Index (MoM)  (Jul)
2025-08-15,18:30,USD,M,united states NY Empire State Manufacturing Index  (Aug)
2025-08-15,18:30,USD,M,united states Retail Control (MoM)  (Jul)
2025-08-15,18:30,USD,H,united states Retail Sales (MoM)  (Jul)
2025-08-15,18:30,CAD,M,canada Wholesale Sales (MoM)  (Jun)
2025-08-15,19:15,USD,M,united states Industrial Production (MoM)  (Jul)
2025-08-15,19:15,USD,M,united states Industrial Production (YoY)  (Jul)
2025-08-15,20:00,USD,M,united states Business Inventories (MoM)  (Jun)
2025-08-15,20:00,USD,M,united states Michigan 1-Year Inflation Expectations  (Aug)
2025-08-15,20:00,USD,M,united states Michigan 5-Year Inflation Expectations  (Aug)
2025-08-15,20:00,USD,M,united states Michigan Consumer Expectations  (Aug)
2025-08-15,20:00,USD,M,united states Michigan Consumer Sentiment  (Aug)
2025-08-15,20:00,USD,M,united states Retail Inventories Ex Auto  (Jun)
2025-08-15,23:00,USD,M,united states Atlanta Fed GDPNow  (Q3)
2025-08-15,23:00,USD,M,united states U.S. Baker Hughes Oil Rig Count
2025-08-15,23:00,USD,M,united states U.S. Baker Hughes Total Rig Count
2025-08-16,01:30,GBP,M,united kingdom CFTC GBP speculative net positions
2025-08-16,01:30,USD,M,united states CFTC Crude Oil speculative net positions
2025-08-16,01:30,USD,M,united states CFTC Gold speculative net positions
2025-08-16,01:30,USD,M,united states CFTC Nasdaq 100 speculative net positions
2025-08-16,01:30,USD,M,united states CFTC S&P 500 speculative net positions
2025-08-16,01:30,AUD,M,australia CFTC AUD speculative net positions
2025-08-16,01:30,BRL,M,brazil CFTC BRL speculative net positions
2025-08-16,01:30,JPY,M,japan CFTC JPY speculative net positions
2025-08-16,01:30,EUR,M,euro zone CFTC EUR speculative net positions
2025-08-16,02:00,USD,M,united states TIC Net Long-Term Transactions  (Jun)
2025-08-16,02:30,RUB,M,russia CFTC RUB speculative positions
2025-08-18,08:30,THB,M,thailand GDP (YoY)  (Q2)
2025-08-18,15:00,EUR,M,euro zone Trade Balance  (Jun)
2025-08-18,18:15,CAD,M,canada Housing Starts  (Jul)
2025-08-18,18:30,CAD,M,canada Foreign Securities Purchases  (Jun)
2025-08-19,04:45,NZD,M,new zealand PPI Input (QoQ)  (Q2)
2025-08-19,18:30,USD,M,united states Building Permits  (Jul)
2025-08-19,18:30,USD,M,united states Housing Starts (MoM)  (Jul)
2025-08-19,18:30,USD,M,united states Housing Starts  (Jul)
2025-08-19,18:30,CAD,M,canada Core CPI (YoY)  (Jul)
2025-08-19,18:30,CAD,M,canada Core CPI (MoM)  (Jul)
2025-08-19,18:30,CAD,M,canada CPI (MoM)  (Jul)
2025-08-19,21:30,USD,M,united states Atlanta Fed GDPNow  (Q3)
2025-08-20,00:10,USD,M,united states FOMC Member Bowman Speaks
2025-08-20,02:30,USD,M,united states API Weekly Crude Oil Stock
2025-08-20,05:50,JPY,M,japan Adjusted Trade Balance
2025-08-20,05:50,JPY,M,japan Exports (YoY)  (Jul)
2025-08-20,05:50,JPY,M,japan Trade Balance  (Jul)
2025-08-20,07:00,CNY,M,china China Loan Prime Rate 5Y  (Aug)
2025-08-20,07:00,CNY,M,china PBoC Loan Prime Rate
2025-08-20,08:00,NZD,H,new zealand RBNZ Interest Rate Decision
2025-08-20,08:00,NZD,M,new zealand RBNZ Monetary Policy Statement
2025-08-20,08:00,NZD,M,new zealand RBNZ Rate Statement
2025-08-20,09:00,NZD,M,new zealand RBNZ Press Conference
2025-08-20,12:00,GBP,M,united kingdom CPI (MoM)  (Jul)
2025-08-20,12:00,GBP,H,united kingdom CPI (YoY)  (Jul)
2025-08-20,12:00,GBP,M,united kingdom CPIH (YoY)
2025-08-20,12:00,EUR,M,germany German PPI (MoM)  (Jul)
2025-08-20,13:10,EUR,M,euro zone ECB President Lagarde Speaks
2025-08-20,13:30,SEK,M,sweden Interest Rate Decision
2025-08-20,13:30,IDR,M,indonesia Interest Rate Decision
2025-08-20,15:00,EUR,M,euro zone Core CPI (YoY)  (Jul)
2025-08-20,15:00,EUR,M,euro zone CPI (MoM)  (Jul)
2025-08-20,15:00,EUR,H,euro zone CPI (YoY)  (Jul)
2025-08-20,18:30,CAD,M,canada New Housing Price Index (MoM)  (Jul)
2025-08-20,20:30,USD,H,united states Crude Oil Inventories
2025-08-20,20:30,USD,M,united states Cushing Crude Oil Inventories
2025-08-20,21:00,USD,M,united states Fed Waller Speaks
2025-08-20,23:00,USD,M,united states 20-Year Bond Auction
2025-08-21,00:00,USD,H,united states FOMC Meeting Minutes
2025-08-21,01:00,USD,M,united states FOMC Member Bostic Speaks
2025-08-21,06:00,USD,M,united states Jackson Hole Symposium
2025-08-21,17:30,USD,M,united states FOMC Member Bostic Speaks
2025-08-21,17:30,INR,M,india RBI MPC Meeting Minutes
2025-08-21,18:30,USD,M,united states Continuing Jobless Claims
2025-08-21,18:30,USD,H,united states Initial Jobless Claims
2025-08-21,18:30,USD,H,united states Philadelphia Fed Manufacturing Index  (Aug)
2025-08-21,18:30,USD,M,united states Philly Fed Employment  (Aug)
2025-08-21,18:30,CAD,M,canada RMPI (MoM)  (Jul)
2025-08-21,20:00,USD,H,united states Existing Home Sales  (Jul)
2025-08-21,20:00,USD,M,united states Existing Home Sales (MoM)  (Jul)
2025-08-21,20:00,USD,M,united states US Leading Index (MoM)  (Jul)
2025-08-21,21:00,MXN,M,mexico Monetary Policy Meeting Minutes
2025-08-21,23:00,USD,M,united states 30-Year TIPS Auction
2025-08-22,02:30,USD,M,united states Fed's Balance Sheet
2025-08-22,05:30,JPY,M,japan National Core CPI (YoY)  (Jul)
2025-08-22,05:30,JPY,M,japan National CPI (MoM)  (Jul)
2025-08-22,06:00,USD,M,united states Jackson Hole Symposium
2025-08-22,10:00,MYR,M,malaysia CPI (YoY)  (Jul)
2025-08-22,12:00,EUR,H,germany German GDP (QoQ)  (Q2)
2025-08-22,12:00,EUR,M,germany German GDP (YoY)  (Q2)
2025-08-22,18:00,MXN,M,mexico GDP (YoY)  (Q2)
2025-08-22,18:00,MXN,M,mexico GDP (QoQ)  (Q2)
2025-08-22,18:30,CAD,M,canada Core Retail Sales (MoM)  (Jun)
2025-08-22,18:30,CAD,M,canada Retail Sales (MoM)  (Jun)
2025-08-22,18:31,CAD,M,canada Retail Sales (MoM)  (Jul)
2025-08-22,20:00,USD,H,united states Fed Chair Powell Speaks
2025-08-22,22:00,USD,H,united states U.S. President Trump Speaks
2025-08-22,23:00,USD,M,united states U.S. Baker Hughes Oil Rig Count
2025-08-22,23:00,USD,M,united states U.S. Baker Hughes Total Rig Count
2025-08-23,01:30,GBP,M,united kingdom CFTC GBP speculative net positions
2025-08-23,01:30,USD,M,united states CFTC Crude Oil speculative net positions
2025-08-23,01:30,USD,M,united states CFTC Gold speculative net positions
2025-08-23,01:30,USD,M,united states CFTC Nasdaq 100 speculative net positions
2025-08-23,01:30,USD,M,united states CFTC S&P 500 speculative net positions
2025-08-23,01:30,AUD,M,australia CFTC AUD speculative net positions
2025-08-23,01:30,BRL,M,brazil CFTC BRL speculative net positions
2025-08-23,01:30,JPY,M,japan CFTC JPY speculative net positions
2025-08-23,01:30,EUR,M,euro zone CFTC EUR speculative net positions
2025-08-23,02:30,RUB,M,russia CFTC RUB speculative positions
2025-08-23,06:00,USD,M,united states Jackson Hole Symposium
2025-08-23,22:25,GBP,M,united kingdom BoE Gov Bailey Speaks
2025-08-23,22:25,EUR,M,euro zone ECB President Lagarde Speaks
2025-08-25,04:45,NZD,M,new zealand Core Retail Sales (QoQ)
2025-08-25,04:45,NZD,M,new zealand Retail Sales (QoQ)  (Q2)
2025-08-25,11:00,SGD,M,singapore Core CPI (YoY)  (Jul)
2025-08-25,11:00,SGD,M,singapore CPI (YoY)  (Jul)
2025-08-25,12:30,CHF,M,switzerland Employment Level  (Q2)
2025-08-25,14:00,EUR,M,germany German Business Expectations  (Aug)
2025-08-25,14:00,EUR,M,germany German Current Assessment  (Aug)
2025-08-25,14:00,EUR,M,germany German Ifo Business Climate Index  (Aug)
2025-08-25,18:00,USD,M,united states Building Permits  (Jul)
2025-08-25,19:30,EUR,M,germany German Buba Balz Speaks
2025-08-25,20:00,USD,H,united states New Home Sales  (Jul)
2025-08-25,20:00,USD,M,united states New Home Sales (MoM)  (Jul)
2025-08-26,05:15,USD,M,united states FOMC Member Williams Speaks
2025-08-26,07:30,AUD,M,australia RBA Meeting Minutes
2025-08-26,11:00,JPY,M,japan BoJ Core CPI (YoY)
2025-08-26,18:30,USD,M,united states Core Durable Goods Orders (MoM)  (Jul)
2025-08-26,18:30,USD,H,united states Durable Goods Orders (MoM)  (Jul)
2025-08-26,18:30,CAD,M,canada Wholesale Sales (MoM)  (Jul)
2025-08-26,19:00,USD,M,united states S&P/CS HPI Composite - 20 n.s.a. (MoM)  (Jun)
2025-08-26,19:00,USD,M,united states S&P/CS HPI Composite - 20 n.s.a. (YoY)  (Jun)
2025-08-26,20:00,USD,H,united states CB Consumer Confidence  (Aug)
2025-08-26,20:30,USD,M,united states Atlanta Fed GDPNow  (Q3)
2025-08-26,22:00,GBP,M,united kingdom BoE MPC Member Mann Speaks
2025-08-26,23:00,USD,M,united states 2-Year Note Auction
2025-08-27,00:30,CAD,M,canada BoC Gov Macklem Speaks
2025-08-27,02:30,USD,M,united states API Weekly Crude Oil Stock
2025-08-27,07:30,AUD,M,australia Construction Work Done (QoQ)  (Q2)
2025-08-27,12:00,EUR,M,germany GfK German Consumer Climate  (Sep)
2025-08-27,16:00,EUR,M,france France Jobseekers Total  (Jul)
2025-08-27,20:30,USD,H,united states Crude Oil Inventories
2025-08-27,20:30,USD,M,united states Cushing Crude Oil Inventories
2025-08-27,22:00,RUB,M,russia Retail Sales (YoY)  (Jul)
2025-08-27,22:00,RUB,M,russia Unemployment Rate  (Jul)
2025-08-27,23:00,USD,M,united states 5-Year Note Auction
2025-08-28,00:00,RUB,M,russia GDP Monthly (YoY)  (Jun)
2025-08-28,00:01,RUB,M,russia GDP Monthly (YoY)  (Jul)
2025-08-28,07:30,AUD,M,australia Private New Capital Expenditure (QoQ)  (Q2)
2025-08-28,07:30,JPY,M,japan BoJ Board Member Nakagawa Speaks
2025-08-28,13:00,CHF,M,switzerland GDP (YoY)  (Q2)
2025-08-28,13:00,CHF,M,switzerland GDP (QoQ)  (Q2)
2025-08-28,13:15,CHF,M,switzerland KOF Leading Indicators  (Aug)
2025-08-28,15:30,EUR,M,italy Italian 10-Year BTP Auction
2025-08-28,17:30,EUR,M,euro zone ECB Publishes Account of Monetary Policy Meeting
2025-08-28,18:30,USD,M,united states Continuing Jobless Claims
2025-08-28,18:30,USD,M,united states Core PCE Prices  (Q2)
2025-08-28,18:30,USD,H,united states GDP (QoQ)  (Q2)
2025-08-28,18:30,USD,M,united states GDP Price Index (QoQ)  (Q2)
2025-08-28,18:30,USD,H,united states Initial Jobless Claims
2025-08-28,18:30,CAD,M,canada Current Account  (Q2)
2025-08-28,20:00,USD,M,united states Pending Home Sales (MoM)  (Jul)
2025-08-28,23:00,USD,M,united states 7-Year Note Auction
2025-08-29,02:00,USD,M,united states Fed Waller Speaks
2025-08-29,02:30,USD,M,united states Fed's Balance Sheet
2025-08-29,05:30,JPY,M,japan Tokyo Core CPI (YoY)  (Aug)
2025-08-29,05:50,JPY,M,japan Industrial Production (MoM)  (Jul)
2025-08-29,12:00,SEK,M,sweden GDP (QoQ)  (Q2)
2025-08-29,12:00,SEK,M,sweden GDP (YoY)  (Q2)
2025-08-29,12:00,EUR,M,germany German Retail Sales (MoM)  (Jul)
2025-08-29,12:45,EUR,M,france French Consumer Spending (MoM)  (Jul)
2025-08-29,12:45,EUR,M,france French CPI (MoM)  (Aug)
2025-08-29,12:45,EUR,M,france French GDP (YoY)  (Q2)
2025-08-29,12:45,EUR,M,france French GDP (QoQ)  (Q2)
2025-08-29,12:45,EUR,M,france French HICP (MoM)  (Aug)
2025-08-29,13:00,EUR,M,spain Spanish CPI (YoY)  (Aug)
2025-08-29,13:00,EUR,M,spain Spanish HICP (YoY)  (Aug)
2025-08-29,13:55,EUR,M,germany German Unemployment Change  (Aug)
2025-08-29,13:55,EUR,M,germany German Unemployment Rate  (Aug)
2025-08-29,15:00,EUR,M,euro zone ECB's De Guindos Speaks
2025-08-29,16:30,INR,M,india GDP Quarterly (YoY)  (Q1)
2025-08-29,17:30,BRL,M,brazil Gross Debt-to-GDP ratio (MoM)  (Jul)
2025-08-29,18:00,EUR,M,germany German CPI (YoY)  (Aug)
2025-08-29,18:00,EUR,H,germany German CPI (MoM)  (Aug)
2025-08-29,18:30,USD,H,united states Core PCE Price Index (YoY)  (Jul)
2025-08-29,18:30,USD,H,united states Core PCE Price Index (MoM)  (Jul)
2025-08-29,18:30,USD,M,united states Goods Trade Balance  (Jul)
2025-08-29,18:30,USD,M,united states PCE Price index (YoY)  (Jul)
2025-08-29,18:30,USD,M,united states PCE price index (MoM)  (Jul)
2025-08-29,18:30,USD,M,united states Personal Spending (MoM)  (Jul)
2025-08-29,18:30,USD,M,united states Retail Inventories Ex Auto  (Jul)
2025-08-29,18:30,CAD,M,canada GDP (MoM)  (Jun)
2025-08-29,18:30,CAD,M,canada GDP (QoQ)  (Q2)
2025-08-29,18:30,CAD,M,canada GDP (YoY)  (Q2)
2025-08-29,18:30,CAD,M,canada GDP Annualized (QoQ)  (Q2)
2025-08-29,18:31,CAD,M,canada GDP (MoM)  (Jul)
2025-08-29,19:45,USD,H,united states Chicago PMI  (Aug)
2025-08-29,20:00,USD,M,united states Michigan 1-Year Inflation Expectations  (Aug)
2025-08-29,20:00,USD,M,united states Michigan 5-Year Inflation Expectations  (Aug)
2025-08-29,20:00,USD,M,united states Michigan Consumer Expectations  (Aug)
2025-08-29,20:00,USD,M,united states Michigan Consumer Sentiment  (Aug)
2025-08-29,21:00,USD,M,united states Atlanta Fed GDPNow  (Q3)
2025-08-29,23:00,USD,M,united states U.S. Baker Hughes Oil Rig Count
2025-08-29,23:00,USD,M,united states U.S. Baker Hughes Total Rig Count
2025-08-30,01:30,GBP,M,united kingdom CFTC GBP speculative net positions
2025-08-30,01:30,USD,M,united states CFTC Crude Oil speculative net positions
2025-08-30,01:30,USD,M,united states CFTC Gold speculative net positions
2025-08-30,01:30,USD,M,united states CFTC Nasdaq 100 speculative net positions
2025-08-30,01:30,USD,M,united states CFTC S&P 500 speculative net positions
2025-08-30,01:30,AUD,M,australia CFTC AUD speculative net positions
2025-08-30,01:30,BRL,M,brazil CFTC BRL speculative net positions
2025-08-30,01:30,JPY,M,japan CFTC JPY speculative net positions
2025-08-30,01:30,EUR,M,euro zone CFTC EUR speculative net positions
2025-08-30,02:30,RUB,M,russia CFTC RUB speculative positions
2025-08-31,07:30,CNY,M,china Chinese Composite PMI  (Aug)
2025-08-31,07:30,CNY,H,china Manufacturing PMI  (Aug)
2025-08-31,07:30,CNY,M,china Non-Manufacturing PMI  (Aug)
2025-09-01,05:50,JPY,M,japan Capital Spending (YoY)  (Q2)
2025-09-01,07:30,AUD,M,australia Building Approvals (MoM)  (Jul)
2025-09-01,07:30,AUD,M,australia Company Gross Operating Profits (QoQ)  (Q2)
2025-09-01,12:00,GBP,M,united kingdom Nationwide HPI (MoM)  (Aug)
2025-09-01,12:00,GBP,M,united kingdom Nationwide HPI (YoY)  (Aug)
2025-09-01,13:00,TRY,M,türkiye GDP (YoY)  (Q2)
2025-09-01,13:30,CHF,M,switzerland procure.ch Manufacturing PMI  (Aug)
2025-09-01,14:00,PLN,M,poland GDP (YoY)  (Q2)
2025-09-01,14:00,PLN,M,poland GDP (QoQ)  (Q2)
2025-09-01,15:00,EUR,M,euro zone Unemployment Rate  (Jul)
2025-09-01,18:00,EUR,M,euro zone ECB's Schnabel Speaks
2025-09-01,23:30,EUR,M,euro zone ECB President Lagarde Speaks
2025-09-02,07:30,AUD,M,australia Current Account  (Q2)
2025-09-02,09:35,JPY,M,japan 10-Year JGB Auction
2025-09-02,12:30,HUF,M,hungary GDP (YoY)  (Q2)
2025-09-02,13:00,EUR,M,spain Spanish Unemployment Change  (Aug)
2025-09-02,14:00,BRL,M,brazil IPC-Fipe Inflation Index (MoM)  (Aug)
2025-09-02,15:00,EUR,M,euro zone Core CPI (YoY)  (Aug)
2025-09-02,15:00,EUR,M,euro zone CPI (MoM)  (Aug)
2025-09-02,15:00,EUR,H,euro zone CPI (YoY)  (Aug)
2025-09-02,17:30,EUR,M,euro zone ECB's Elderson Speaks
2025-09-02,18:00,BRL,M,brazil GDP (YoY)  (Q2)
2025-09-02,18:00,BRL,M,brazil GDP (QoQ)  (Q2)
2025-09-02,20:00,USD,M,united states Construction Spending (MoM)  (Jul)
2025-09-02,20:00,USD,M,united states ISM Manufacturing Employment  (Aug)
2025-09-02,20:00,USD,H,united states ISM Manufacturing PMI  (Aug)
2025-09-02,20:00,USD,H,united states ISM Manufacturing Prices  (Aug)
2025-09-02,20:00,EUR,M,germany German Buba President Nagel Speaks
2025-09-02,23:00,USD,M,united states Atlanta Fed GDPNow  (Q3)
2025-09-03,00:00,USD,H,united states U.S. President Trump Speaks
2025-09-03,07:30,AUD,M,australia GDP (QoQ)  (Q2)
2025-09-03,07:30,AUD,M,australia GDP (YoY)  (Q2)
2025-09-03,13:00,TRY,M,türkiye CPI (MoM)  (Aug)
2025-09-03,13:00,TRY,M,türkiye CPI (YoY)  (Aug)
2025-09-03,13:30,GBP,M,united kingdom BoE MPC Member Mann Speaks
2025-09-03,13:30,EUR,M,euro zone ECB President Lagarde Speaks
2025-09-03,15:30,EUR,M,germany German 10-Year Bund Auction
2025-09-03,18:00,BRL,M,brazil Industrial Production (YoY)  (Jul)
2025-09-03,18:00,PLN,M,poland Interest Rate Decision  (Sep)
2025-09-03,18:30,CAD,M,canada Labor Productivity (QoQ)  (Q2)
2025-09-03,19:15,GBP,M,united kingdom BoE Gov Bailey Speaks
2025-09-03,19:15,GBP,M,united kingdom BoE MPC Treasury Committee Hearings
2025-09-03,20:00,USD,M,united states Factory Orders (MoM)  (Jul)
2025-09-03,20:00,USD,H,united states JOLTS Job Openings  (Jul)
2025-09-03,23:30,USD,M,united states FOMC Member Kashkari Speaks
2025-09-04,00:00,USD,M,united states Beige Book
2025-09-04,02:30,USD,M,united states API Weekly Crude Oil Stock
2025-09-04,07:30,AUD,M,australia Trade Balance
2025-09-04,12:00,SEK,M,sweden CPI (YoY)  (Aug)
2025-09-04,12:00,SEK,M,sweden CPI (MoM)  (Aug)
2025-09-04,12:30,CHF,M,switzerland CPI (MoM)  (Aug)
2025-09-04,13:00,MYR,M,malaysia Interest Rate
2025-09-04,18:15,USD,H,united states ADP Nonfarm Employment Change  (Aug)
2025-09-04,18:30,USD,M,united states Continuing Jobless Claims
2025-09-04,18:30,USD,M,united states Exports  (Jul)
2025-09-04,18:30,USD,M,united states Imports  (Jul)
2025-09-04,18:30,USD,H,united states Initial Jobless Claims
2025-09-04,18:30,USD,M,united states Nonfarm Productivity (QoQ)  (Q2)
2025-09-04,18:30,USD,M,united states Trade Balance  (Jul)
2025-09-04,18:30,USD,M,united states Unit Labor Costs (QoQ)  (Q2)
2025-09-04,18:30,CAD,M,canada Trade Balance  (Jul)
2025-09-04,20:00,USD,M,united states ISM Non-Manufacturing Employment  (Aug)
2025-09-04,20:00,USD,H,united states ISM Non-Manufacturing PMI  (Aug)
2025-09-04,20:00,USD,H,united states ISM Non-Manufacturing Prices  (Aug)
2025-09-04,22:00,USD,M,united states Atlanta Fed GDPNow  (Q3)
2025-09-04,22:00,USD,H,united states Crude Oil Inventories
2025-09-04,22:00,USD,M,united states Cushing Crude Oil Inventories
2025-09-04,22:05,USD,M,united states FOMC Member Williams Speaks
2025-09-05,02:30,USD,M,united states Fed's Balance Sheet
2025-09-05,05:30,JPY,M,japan Household Spending (YoY)  (Jul)
2025-09-05,05:30,JPY,M,japan Household Spending (MoM)  (Jul)
2025-09-05,12:00,GBP,M,united kingdom Core Retail Sales (MoM)  (Jul)
2025-09-05,12:00,GBP,M,united kingdom Core Retail Sales (YoY)  (Jul)
2025-09-05,12:00,GBP,M,united kingdom Halifax House Price Index (MoM)  (Aug)
2025-09-05,12:00,GBP,M,united kingdom Halifax House Price Index (YoY)  (Aug)
2025-09-05,12:00,GBP,M,united kingdom Retail Sales (YoY)  (Jul)
2025-09-05,12:00,GBP,M,united kingdom Retail Sales (MoM)  (Jul)
2025-09-05,12:00,EUR,M,germany German Factory Orders (MoM)  (Jul)
2025-09-05,13:00,CHF,M,switzerland SECO Consumer Climate  (Aug)
2025-09-05,15:00,EUR,M,euro zone GDP (YoY)  (Q2)
2025-09-05,15:00,EUR,M,euro zone GDP (QoQ)  (Q2)
2025-09-05,17:00,GBP,M,united kingdom Mortgage Rate (GBP)  (Aug)
2025-09-05,18:30,USD,M,united states Average Hourly Earnings (YoY) (YoY)  (Aug)
2025-09-05,18:30,USD,H,united states Average Hourly Earnings (MoM)  (Aug)
2025-09-05,18:30,USD,H,united states Nonfarm Payrolls  (Aug)
2025-09-05,18:30,USD,M,united states Participation Rate  (Aug)
2025-09-05,18:30,USD,M,united states Private Nonfarm Payrolls  (Aug)
2025-09-05,18:30,USD,M,united states U6 Unemployment Rate  (Aug)
2025-09-05,18:30,USD,H,united states Unemployment Rate  (Aug)
2025-09-05,18:30,CAD,M,canada Employment Change  (Aug)
2025-09-05,18:30,CAD,M,canada Unemployment Rate  (Aug)
2025-09-05,20:00,CAD,M,canada Ivey PMI  (Aug)
2025-09-05,23:00,USD,M,united states U.S. Baker Hughes Oil Rig Count
2025-09-05,23:00,USD,M,united states U.S. Baker Hughes Total Rig Count
2025-09-06,01:30,GBP,M,united kingdom CFTC GBP speculative net positions
2025-09-06,01:30,USD,M,united states CFTC Crude Oil speculative net positions
2025-09-06,01:30,USD,M,united states CFTC Gold speculative net positions
2025-09-06,01:30,USD,M,united states CFTC Nasdaq 100 speculative net positions
2025-09-06,01:30,USD,M,united states CFTC S&P 500 speculative net positions
2025-09-06,01:30,AUD,M,australia CFTC AUD speculative net positions
2025-09-06,01:30,BRL,M,brazil CFTC BRL speculative net positions
2025-09-06,01:30,JPY,M,japan CFTC JPY speculative net positions
2025-09-06,01:30,EUR,M,euro zone CFTC EUR speculative net positions
2025-09-08,05:50,JPY,M,japan Adjusted Current Account  (Jul)
2025-09-08,05:50,JPY,M,japan Current Account n.s.a.  (Jul)
2025-09-08,05:50,JPY,H,japan GDP (QoQ)  (Q2)
2025-09-08,05:50,JPY,M,japan GDP Annualized (QoQ)  (Q2)
2025-09-08,05:50,JPY,M,japan GDP Price Index (YoY)  (Q2)
2025-09-08,07:30,AUD,M,australia Building Approvals (MoM)  (Jul)
2025-09-08,09:25,CNY,M,china Trade Balance (USD)  (Aug)
2025-09-08,09:45,CNY,M,china Exports (YoY)  (Aug)
2025-09-08,09:45,CNY,M,china Imports (YoY)  (Aug)
2025-09-08,12:00,EUR,M,germany German Industrial Production (MoM)  (Jul)
2025-09-08,12:00,EUR,M,germany German Trade Balance  (Jul)
2025-09-08,21:00,USD,M,united states NY Fed 1-Year Consumer Inflation Expectations  (Aug)
2025-09-09,01:00,USD,M,united states Consumer Credit  (Jul)
2025-09-09,05:01,GBP,M,united kingdom BRC Retail Sales Monitor (YoY)  (Aug)
2025-09-09,07:30,AUD,M,australia NAB Business Confidence  (Aug)
2025-09-09,15:30,ZAR,M,south africa GDP Annualized (QoQ)  (Q2)
2025-09-09,15:45,EUR,M,germany German 10-Year Bund Auction
2025-09-09,16:00,EUR,M,euro zone Eurogroup Meetings
2025-09-09,17:30,EUR,M,germany German Buba President Nagel Speaks
2025-09-09,18:00,MXN,M,mexico CPI (YoY)  (Aug)
2025-09-09,18:00,MXN,M,mexico CPI (MoM)  (Aug)
2025-09-09,20:00,USD,M,"united states Payrolls Benchmark, n.s.a."
2025-09-09,22:00,USD,M,united states EIA Short-Term Energy Outlook
2025-09-09,23:00,USD,M,united states 3-Year Note Auction
2025-09-10,02:30,USD,M,united states API Weekly Crude Oil Stock
2025-09-10,07:30,CNY,M,china CPI (YoY)  (Aug)
2025-09-10,07:30,CNY,M,china CPI (MoM)  (Aug)
2025-09-10,07:30,CNY,M,china PPI (YoY)  (Aug)
2025-09-10,18:00,EUR,M,germany German Buba Vice President Buch Speaks
2025-09-10,18:00,BRL,M,brazil CPI (YoY)  (Aug)
2025-09-10,18:30,USD,M,united states Core PPI (MoM)  (Aug)
2025-09-10,18:30,USD,H,united states PPI (MoM)  (Aug)
2025-09-10,20:30,USD,H,united states Crude Oil Inventories
2025-09-10,20:30,USD,M,united states Cushing Crude Oil Inventories
2025-09-10,22:00,RUB,M,russia CPI (YoY)  (Aug)
2025-09-10,22:00,RUB,M,russia CPI (MoM)  (Aug)
2025-09-10,22:30,USD,M,united states Atlanta Fed GDPNow  (Q3)
2025-09-10,23:00,USD,H,united states 10-Year Note Auction
2025-09-11,05:50,JPY,M,japan BSI Large Manufacturing Conditions  (Q3)
2025-09-11,12:00,SEK,M,sweden CPI (YoY)  (Aug)
2025-09-11,12:00,SEK,M,sweden CPI (MoM)  (Aug)
2025-09-11,13:00,TRY,M,türkiye Turkish Retail Sales (MoM)  (Jul)
2025-09-11,13:00,TRY,M,türkiye Turkish Retail Sales (YoY)  (Jul)
2025-09-11,14:00,USD,M,united states IEA Monthly Report
2025-09-11,17:00,USD,M,united states OPEC Monthly Report
2025-09-11,17:00,TRY,M,türkiye One-Week Repo Rate  (Sep)
2025-09-11,18:00,BRL,M,brazil Retail Sales (YoY)  (Jul)
2025-09-11,18:00,BRL,M,brazil Retail Sales (MoM)  (Jul)
2025-09-11,18:15,EUR,H,euro zone Deposit Facility Rate  (Sep)
2025-09-11,18:15,EUR,M,euro zone ECB Marginal Lending Facility
2025-09-11,18:15,EUR,M,euro zone ECB Monetary Policy Statement
2025-09-11,18:15,EUR,H,euro zone ECB Interest Rate Decision  (Sep)
2025-09-11,18:30,USD,M,united states Continuing Jobless Claims
2025-09-11,18:30,USD,M,united states Core CPI (YoY)  (Aug)
2025-09-11,18:30,USD,M,united states Core CPI (YoY)  (Aug)
2025-09-11,18:30,USD,H,united states CPI (MoM)  (Aug)
2025-09-11,18:30,USD,H,united states CPI (YoY)  (Aug)
2025-09-11,18:30,USD,H,united states Initial Jobless Claims
2025-09-11,18:45,EUR,H,euro zone ECB Press Conference
2025-09-11,20:15,EUR,M,euro zone ECB President Lagarde Speaks
2025-09-11,23:00,USD,H,united states 30-Year Bond Auction
2025-09-12,00:00,USD,M,united states Federal Budget Balance  (Aug)
2025-09-12,02:30,USD,M,united states Fed's Balance Sheet
2025-09-12,04:30,NZD,M,new zealand Business NZ PMI  (Aug)
2025-09-12,04:45,NZD,M,new zealand Electronic Card Retail Sales (MoM)  (Aug)
2025-09-12,10:30,JPY,M,japan Industrial Production (MoM)  (Jul)
2025-09-12,12:00,GBP,H,united kingdom GDP (MoM)  (Jul)
2025-09-12,12:00,GBP,M,united kingdom Industrial Production (MoM)  (Jul)
2025-09-12,12:00,GBP,M,united kingdom Manufacturing Production (MoM)  (Jul)
2025-09-12,12:00,GBP,M,united kingdom Monthly GDP 3M/3M Change  (Jul)
2025-09-12,12:00,GBP,M,united kingdom Trade Balance  (Jul)
2025-09-12,12:00,GBP,M,united kingdom Trade Balance Non-EU  (Jul)
2025-09-12,12:00,EUR,M,germany German CPI (YoY)  (Aug)
2025-09-12,12:00,EUR,H,germany German CPI (MoM)  (Aug)
2025-09-12,12:45,EUR,M,france French CPI (MoM)  (Aug)
2025-09-12,12:45,EUR,M,france French HICP (MoM)  (Aug)
2025-09-12,13:00,EUR,M,spain Spanish CPI (YoY)  (Aug)
2025-09-12,13:00,EUR,M,spain Spanish HICP (YoY)  (Aug)
2025-09-12,14:15,EUR,M,germany German Buba President Nagel Speaks
2025-09-12,15:00,CNY,M,china New Loans  (Aug)
2025-09-12,16:30,INR,M,india CPI (YoY)  (Aug)
2025-09-12,16:30,RUB,M,russia Interest Rate Decision  (Sep)
2025-09-12,18:00,GBP,M,united kingdom NIESR Monthly GDP Tracker  (Aug)
2025-09-12,18:00,RUB,M,russia CBR Press Conference
2025-09-12,18:30,CAD,M,canada Building Permits (MoM)  (Jul)
2025-09-12,20:00,USD,M,united states Michigan 1-Year Inflation Expectations  (Sep)
2025-09-12,20:00,USD,M,united states Michigan 5-Year Inflation Expectations  (Sep)
2025-09-12,20:00,USD,M,united states Michigan Consumer Expectations  (Sep)
2025-09-12,20:00,USD,M,united states Michigan Consumer Sentiment  (Sep)
2025-09-12,22:00,USD,M,united states WASDE Report
2025-09-12,22:00,RUB,M,russia GDP Quarterly (YoY)  (Q2)
2025-09-12,23:00,USD,M,united states U.S. Baker Hughes Oil Rig Count
2025-09-12,23:00,USD,M,united states U.S. Baker Hughes Total Rig Count
2025-09-13,01:30,GBP,M,united kingdom CFTC GBP speculative net positions
2025-09-13,01:30,USD,M,united states CFTC Crude Oil speculative net positions
2025-09-13,01:30,USD,M,united states CFTC Gold speculative net positions
2025-09-13,01:30,USD,M,united states CFTC Nasdaq 100 speculative net positions
2025-09-13,01:30,USD,M,united states CFTC S&P 500 speculative net positions
2025-09-13,01:30,AUD,M,australia CFTC AUD speculative net positions
2025-09-13,01:30,BRL,M,brazil CFTC BRL speculative net positions
2025-09-13,01:30,JPY,M,japan CFTC JPY speculative net positions
2025-09-13,01:30,EUR,M,euro zone CFTC EUR speculative net positions
2025-09-15,08:00,CNY,M,china Fixed Asset Investment (YoY)  (Aug)
2025-09-15,08:00,CNY,M,china Industrial Production (YoY)  (Aug)
2025-09-15,08:00,CNY,M,china Chinese Industrial Production YTD  (YoY)  (Aug)
2025-09-15,08:00,CNY,M,china Chinese Unemployment Rate  (Aug)
2025-09-15,08:00,CNY,M,china NBS Press Conference
2025-09-15,12:30,CHF,M,switzerland PPI (MoM)  (Aug)
2025-09-15,12:30,INR,M,india WPI Inflation (YoY)  (Aug)
2025-09-15,15:00,EUR,M,euro zone Trade Balance  (Jul)
2025-09-15,17:30,EUR,M,euro zone ECB's Schnabel Speaks
2025-09-15,18:30,USD,M,united states NY Empire State Manufacturing Index  (Sep)
2025-09-15,18:30,CAD,M,canada Wholesale Sales (MoM)  (Jul)
2025-09-16,00:30,EUR,M,euro zone ECB President Lagarde Speaks
2025-09-16,12:00,GBP,M,united kingdom Average Earnings Index +Bonus  (Jul)
2025-09-16,12:00,GBP,M,united kingdom Claimant Count Change  (Aug)
2025-09-16,12:00,GBP,M,united kingdom Employment Change 3M/3M (MoM)  (Jul)
2025-09-16,12:00,GBP,M,united kingdom Unemployment Rate  (Jul)
2025-09-16,15:00,EUR,M,germany German ZEW Current Conditions  (Sep)
2025-09-16,15:00,EUR,M,germany German ZEW Economic Sentiment  (Sep)
2025-09-16,15:00,EUR,M,euro zone Wages in euro zone (YoY)  (Q2)
2025-09-16,15:00,EUR,M,euro zone Industrial Production (MoM)  (Jul)
2025-09-16,15:00,EUR,M,euro zone ZEW Economic Sentiment  (Sep)
2025-09-16,18:00,EUR,M,germany German Buba Vice President Buch Speaks
2025-09-16,18:00,BRL,M,brazil Unemployment Rate  (Jul)
2025-09-16,18:15,CAD,M,canada Housing Starts  (Aug)
2025-09-16,18:30,USD,H,united states Core Retail Sales (MoM)  (Aug)
2025-09-16,18:30,USD,M,united states Export Price Index (MoM)  (Aug)
2025-09-16,18:30,USD,M,united states Import Price Index (MoM)  (Aug)
2025-09-16,18:30,USD,M,united states Retail Control (MoM)  (Aug)
2025-09-16,18:30,USD,H,united states Retail Sales (MoM)  (Aug)
2025-09-16,18:30,CAD,M,canada Core CPI (YoY)  (Aug)
2025-09-16,18:30,CAD,M,canada Core CPI (MoM)  (Aug)
2025-09-16,18:30,CAD,M,canada CPI (MoM)  (Aug)
2025-09-16,19:15,USD,M,united states Industrial Production (MoM)  (Aug)
2025-09-16,19:15,USD,M,united states Industrial Production (YoY)  (Aug)
2025-09-16,20:00,USD,M,united states Business Inventories (MoM)  (Jul)
2025-09-16,20:00,USD,M,united states Retail Inventories Ex Auto  (Jul)
2025-09-16,21:30,USD,M,united states Atlanta Fed GDPNow  (Q3)
2025-09-16,23:00,USD,M,united states 20-Year Bond Auction
2025-09-17,02:30,USD,M,united states API Weekly Crude Oil Stock
2025-09-17,03:00,NZD,M,new zealand Westpac Consumer Sentiment  (Q3)
2025-09-17,04:45,NZD,M,new zealand Current Account (YoY)  (Q2)
2025-09-17,04:45,NZD,M,new zealand Current Account (QoQ)  (Q2)
2025-09-17,05:50,JPY,M,japan Adjusted Trade Balance
2025-09-17,05:50,JPY,M,japan Exports (YoY)  (Aug)
2025-09-17,05:50,JPY,M,japan Trade Balance  (Aug)
2025-09-17,12:00,GBP,H,united kingdom CPI (YoY)  (Aug)
2025-09-17,12:00,GBP,M,united kingdom CPI (MoM)  (Aug)
2025-09-17,13:30,IDR,M,indonesia Interest Rate Decision
2025-09-17,13:30,EUR,M,euro zone ECB President Lagarde Speaks
2025-09-17,15:00,EUR,M,euro zone Core CPI (YoY)  (Aug)
2025-09-17,15:00,EUR,M,euro zone CPI (MoM)  (Aug)
2025-09-17,15:00,EUR,H,euro zone CPI (YoY)  (Aug)
2025-09-17,18:30,USD,M,united states Building Permits  (Aug)
2025-09-17,18:30,USD,M,united states Housing Starts  (Aug)
2025-09-17,18:30,USD,M,united states Housing Starts (MoM)  (Aug)
2025-09-17,18:30,CAD,M,canada Foreign Securities Purchases  (Jul)
2025-09-17,19:45,CAD,M,canada BoC Rate Statement
2025-09-17,19:45,CAD,H,canada BoC Interest Rate Decision
2025-09-17,20:30,USD,H,united states Crude Oil Inventories
2025-09-17,20:30,USD,M,united states Cushing Crude Oil Inventories
2025-09-17,20:30,CAD,M,canada BOC Press Conference
2025-09-17,21:00,USD,M,united states Atlanta Fed GDPNow  (Q3)
2025-09-17,23:00,EUR,M,germany German Buba President Nagel Speaks
2025-09-18,00:00,USD,M,united states Interest Rate Projection - 1st Yr  (Q3)
2025-09-18,00:00,USD,M,united states Interest Rate Projection - 2nd Yr  (Q3)
2025-09-18,00:00,USD,M,united states Interest Rate Projection - 3rd Yr  (Q3)
2025-09-18,00:00,USD,M,united states Interest Rate Projection - Current  (Q3)
2025-09-18,00:00,USD,M,united states Interest Rate Projection - Longer  (Q3)
2025-09-18,00:00,USD,H,united states FOMC Economic Projections
2025-09-18,00:00,USD,H,united states FOMC Statement
2025-09-18,00:00,USD,H,united states Fed Interest Rate Decision
2025-09-18,00:30,USD,H,united states FOMC Press Conference
2025-09-18,03:30,BRL,M,brazil Interest Rate Decision
2025-09-18,04:45,NZD,M,new zealand GDP (QoQ)  (Q2)
2025-09-18,07:30,AUD,M,australia Employment Change  (Aug)
2025-09-18,07:30,AUD,M,australia Full Employment Change  (Aug)
2025-09-18,07:30,AUD,M,australia Unemployment Rate  (Aug)
2025-09-18,13:10,EUR,M,euro zone ECB President Lagarde Speaks
2025-09-18,14:00,EUR,M,germany German Buba Mauderer Speaks
2025-09-18,14:00,EUR,M,germany German Buba Vice President Buch Speaks
2025-09-18,14:00,TWD,M,taiwan Interest Rate  (Q3)
2025-09-18,14:00,NOK,M,norway Interest Rate Decision
2025-09-18,14:00,EUR,M,euro zone ECB's De Guindos Speaks
2025-09-18,15:45,EUR,M,euro zone ECB's Schnabel Speaks
2025-09-18,17:00,GBP,M,united kingdom BoE MPC vote cut  (Sep)
2025-09-18,17:00,GBP,M,united kingdom BoE MPC vote hike  (Sep)
2025-09-18,17:00,GBP,M,united kingdom BoE MPC vote unchanged  (Sep)
2025-09-18,17:00,GBP,H,united kingdom BoE Interest Rate Decision  (Sep)
2025-09-18,17:00,GBP,M,united kingdom BoE MPC Meeting Minutes
2025-09-18,18:30,USD,M,united states Continuing Jobless Claims
2025-09-18,18:30,USD,H,united states Initial Jobless Claims
2025-09-18,18:30,USD,H,united states Philadelphia Fed Manufacturing Index  (Sep)
2025-09-18,18:30,USD,M,united states Philly Fed Employment  (Sep)
2025-09-18,19:00,ZAR,M,south africa Interest Rate Decision  (Sep)
2025-09-18,20:00,USD,M,united states US Leading Index (MoM)  (Aug)
2025-09-18,20:00,EUR,M,germany German Buba President Nagel Speaks
2025-09-18,22:30,EUR,M,germany German Buba Mauderer Speaks
2025-09-18,23:00,USD,M,united states 10-Year TIPS Auction
2025-09-19,02:00,USD,M,united states TIC Net Long-Term Transactions  (Jul)
2025-09-19,02:30,USD,M,united states Fed's Balance Sheet
2025-09-19,05:30,JPY,M,japan National Core CPI (YoY)  (Aug)
2025-09-19,05:30,JPY,M,japan National CPI (MoM)  (Aug)
2025-09-19,08:30,JPY,M,japan BoJ Monetary Policy Statement
2025-09-19,09:00,JPY,H,japan BoJ Interest Rate Decision
2025-09-19,12:00,GBP,M,united kingdom Core Retail Sales (MoM)  (Aug)
2025-09-19,12:00,GBP,M,united kingdom Core Retail Sales (YoY)  (Aug)
2025-09-19,12:00,GBP,M,united kingdom Retail Sales (MoM)  (Aug)
2025-09-19,12:00,GBP,M,united kingdom Retail Sales (YoY)  (Aug)
2025-09-19,12:00,EUR,M,germany German PPI (MoM)  (Aug)
2025-09-19,12:30,JPY,M,japan BoJ Press Conference
2025-09-19,15:00,EUR,M,euro zone ECB President Lagarde Speaks
2025-09-19,15:30,EUR,M,euro zone ECB Supervisory Board Member Tuominen Speaks
2025-09-19,16:00,EUR,M,euro zone Eurogroup Meetings
2025-09-19,18:30,CAD,M,canada Core Retail Sales (MoM)  (Jul)
2025-09-19,18:30,CAD,M,canada Retail Sales (MoM)  (Jul)
2025-09-19,18:31,CAD,M,canada Retail Sales (MoM)  (Aug)
2025-09-19,23:00,USD,M,united states U.S. Baker Hughes Oil Rig Count
2025-09-19,23:00,USD,M,united states U.S. Baker Hughes Total Rig Count
2025-09-20,00:30,USD,M,united states FOMC Member Daly Speaks
2025-09-20,01:30,GBP,M,united kingdom CFTC GBP speculative net positions
2025-09-20,01:30,USD,M,united states CFTC Crude Oil speculative net positions
2025-09-20,01:30,USD,M,united states CFTC Gold speculative net positions
2025-09-20,01:30,USD,M,united states CFTC Nasdaq 100 speculative net positions
2025-09-20,01:30,USD,M,united states CFTC S&P 500 speculative net positions
2025-09-20,01:30,AUD,M,australia CFTC AUD speculative net positions
2025-09-20,01:30,BRL,M,brazil CFTC BRL speculative net positions
2025-09-20,01:30,JPY,M,japan CFTC JPY speculative net positions
2025-09-20,01:30,EUR,M,euro zone CFTC EUR speculative net positions
2025-09-22,07:00,CNY,M,china China Loan Prime Rate 5Y  (Sep)
2025-09-22,07:15,CNY,M,china PBoC Loan Prime Rate
2025-09-22,18:30,CAD,M,canada RMPI (MoM)  (Aug)
2025-09-22,18:45,EUR,M,germany German Buba Mauderer Speaks
2025-09-22,19:45,GBP,M,united kingdom BoE MPC Member Pill Speaks
2025-09-22,19:45,USD,M,united states FOMC Member Williams Speaks
2025-09-22,19:45,EUR,M,euro zone ECB's Lane Speaks
2025-09-22,22:00,EUR,M,germany German Buba President Nagel Speaks
2025-09-22,23:15,CAD,M,canada BoC Senior Deputy Governor Rogers Speaks
2025-09-22,23:30,EUR,M,germany German Buba Balz Speaks
2025-09-23,00:00,GBP,M,united kingdom BoE Gov Bailey Speaks
2025-09-23,01:45,CAD,M,canada BoC Deputy Gov Kozicki Speaks
2025-09-23,10:00,MYR,M,malaysia CPI (YoY)  (Aug)
2025-09-23,11:00,SGD,M,singapore Core CPI (YoY)  (Aug)
2025-09-23,11:00,SGD,M,singapore CPI (YoY)  (Aug)
2025-09-23,13:30,SEK,M,sweden Interest Rate Decision
2025-09-23,15:00,GBP,M,united kingdom BoE MPC Member Pill Speaks
2025-09-23,18:30,USD,M,united states Current Account  (Q2)
2025-09-23,18:30,CAD,M,canada New Housing Price Index (MoM)  (Aug)
2025-09-23,19:00,USD,M,united states FOMC Member Bowman Speaks
2025-09-23,19:50,USD,H,united states U.S. President Trump Speaks
2025-09-23,20:00,USD,M,united states FOMC Member Bostic Speaks
2025-09-23,22:35,USD,H,united states Fed Chair Powell Speaks
2025-09-23,23:00,USD,M,united states 2-Year Note Auction
2025-09-24,00:15,CAD,M,canada BoC Gov Macklem Speaks
2025-09-24,02:30,USD,M,united states API Weekly Crude Oil Stock
2025-09-24,04:00,EUR,M,germany German Buba Mauderer Speaks
2025-09-24,05:20,USD,H,united states U.S. President Trump Speaks
2025-09-24,11:00,JPY,M,japan BoJ Core CPI (YoY)
2025-09-24,13:00,EUR,M,germany German Buba Balz Speaks
2025-09-24,13:00,EUR,M,euro zone European Central Bank Non-monetary Policy Meeting
2025-09-24,14:00,EUR,M,germany German Business Expectations  (Sep)
2025-09-24,14:00,EUR,M,germany German Current Assessment  (Sep)
2025-09-24,14:00,EUR,M,germany German Ifo Business Climate Index  (Sep)
2025-09-24,17:50,USD,M,united states Building Permits  (Aug)
2025-09-24,20:00,USD,H,united states New Home Sales  (Aug)
2025-09-24,20:00,USD,M,united states New Home Sales (MoM)  (Aug)
2025-09-24,20:30,USD,H,united states Crude Oil Inventories
2025-09-24,20:30,USD,M,united states Cushing Crude Oil Inventories
2025-09-24,23:00,USD,M,united states 5-Year Note Auction
2025-09-25,02:10,USD,M,united states FOMC Member Daly Speaks
2025-09-25,05:50,JPY,M,japan Monetary Policy Meeting Minutes
2025-09-25,12:00,EUR,M,germany GfK German Consumer Climate  (Oct)
2025-09-25,13:30,CHF,H,switzerland SNB Interest Rate Decision  (Q3)
2025-09-25,13:30,CHF,M,switzerland SNB Monetary Policy Assessment
2025-09-25,14:00,CHF,M,switzerland SNB Press Conference
2025-09-25,14:00,EUR,M,euro zone ECB Economic Bulletin
2025-09-25,18:30,USD,M,united states Continuing Jobless Claims
2025-09-25,18:30,USD,M,united states Core Durable Goods Orders (MoM)  (Aug)
2025-09-25,18:30,USD,M,united states Core PCE Prices  (Q2)
2025-09-25,18:30,USD,H,united states Durable Goods Orders (MoM)  (Aug)
2025-09-25,18:30,USD,H,united states GDP (QoQ)  (Q2)
2025-09-25,18:30,USD,M,united states GDP Price Index (QoQ)  (Q2)
2025-09-25,18:30,USD,M,united states Goods Trade Balance  (Aug)
2025-09-25,18:30,USD,H,united states Initial Jobless Claims
2025-09-25,18:30,USD,M,united states Retail Inventories Ex Auto  (Aug)
2025-09-25,19:00,USD,M,united states FOMC Member Williams Speaks
2025-09-25,20:00,USD,M,united states Existing Home Sales (MoM)  (Aug)
2025-09-25,20:00,USD,H,united states Existing Home Sales  (Aug)
2025-09-25,20:00,USD,M,united states FOMC Member Bowman Speaks
2025-09-25,23:00,USD,M,united states 7-Year Note Auction
2025-09-25,23:00,USD,M,united states Fed Vice Chair for Supervision Barr Speaks
2025-09-26,01:00,MXN,M,mexico Interest Rate Decision  (Sep)
2025-09-26,01:30,USD,M,united states FOMC Member Daly Speaks
2025-09-26,02:30,USD,M,united states Fed's Balance Sheet
2025-09-26,05:30,JPY,M,japan Tokyo Core CPI (YoY)  (Sep)
2025-09-26,11:30,JPY,M,japan BoJ Board Member Noguchi Speaks
2025-09-26,13:00,EUR,M,spain Spanish GDP (QoQ)  (Q2)
2025-09-26,15:10,EUR,M,italy Italian 10-Year BTP Auction
2025-09-26,15:30,EUR,M,euro zone ECB President Lagarde Speaks
2025-09-26,16:00,EUR,M,france France Jobseekers Total  (Aug)
2025-09-26,18:30,USD,H,united states Core PCE Price Index (YoY)  (Aug)
2025-09-26,18:30,USD,H,united states Core PCE Price Index (MoM)  (Aug)
2025-09-26,18:30,USD,M,united states PCE Price index (YoY)  (Aug)
2025-09-26,18:30,USD,M,united states PCE price index (MoM)  (Aug)
2025-09-26,18:30,USD,M,united states Personal Spending (MoM)  (Aug)
2025-09-26,18:30,CAD,M,canada GDP (MoM)  (Jul)
2025-09-26,18:30,CAD,M,canada Wholesale Sales (MoM)  (Aug)
2025-09-26,18:31,CAD,M,canada GDP (MoM)  (Aug)
2025-09-26,20:00,USD,M,united states Michigan 1-Year Inflation Expectations  (Sep)
2025-09-26,20:00,USD,M,united states Michigan 5-Year Inflation Expectations  (Sep)
2025-09-26,20:00,USD,M,united states Michigan Consumer Expectations  (Sep)
2025-09-26,20:00,USD,M,united states Michigan Consumer Sentiment  (Sep)
2025-09-26,21:30,USD,M,united states Atlanta Fed GDPNow  (Q3)
2025-09-26,23:00,USD,M,united states U.S. Baker Hughes Oil Rig Count
2025-09-26,23:00,USD,M,united states FOMC Member Bowman Speaks
2025-09-26,23:00,USD,M,united states U.S. Baker Hughes Total Rig Count
2025-09-27,01:30,GBP,M,united kingdom CFTC GBP speculative net positions
2025-09-27,01:30,USD,M,united states CFTC Crude Oil speculative net positions
2025-09-27,01:30,USD,M,united states CFTC Gold speculative net positions
2025-09-27,01:30,USD,M,united states CFTC Nasdaq 100 speculative net positions
2025-09-27,01:30,USD,M,united states CFTC S&P 500 speculative net positions
2025-09-27,01:30,AUD,M,australia CFTC AUD speculative net positions
2025-09-27,01:30,BRL,M,brazil CFTC BRL speculative net positions
2025-09-27,01:30,JPY,M,japan CFTC JPY speculative net positions
2025-09-27,01:30,EUR,M,euro zone CFTC EUR speculative net positions
2025-09-27,04:00,USD,M,united states FOMC Member Bostic Speaks
2025-09-29,11:30,JPY,M,japan BoJ Board Member Noguchi Speaks
2025-09-29,13:00,EUR,M,spain Spanish CPI (YoY)  (Sep)
2025-09-29,13:00,EUR,M,spain Spanish HICP (YoY)  (Sep)
2025-09-29,15:00,EUR,M,germany German Buba President Nagel Speaks
2025-09-29,15:00,EUR,M,euro zone ECB's Schnabel Speaks
2025-09-29,17:30,USD,M,united states Fed Waller Speaks
2025-09-29,18:00,GBP,M,united kingdom MPC Member Ramsden Speaks
2025-09-29,18:00,EUR,M,euro zone ECB's Lane Speaks
2025-09-29,20:00,USD,M,united states Pending Home Sales (MoM)  (Aug)
2025-09-29,23:15,USD,H,united states U.S. President Trump Speaks
2025-09-29,23:30,USD,M,united states FOMC Member Williams Speaks
2025-09-30,04:00,USD,M,united states FOMC Member Bostic Speaks
2025-09-30,05:50,JPY,M,japan Industrial Production (MoM)  (Aug)
2025-09-30,07:30,AUD,M,australia Building Approvals (MoM)  (Aug)
2025-09-30,07:30,CNY,M,china Chinese Composite PMI  (Sep)
2025-09-30,07:30,CNY,H,china Manufacturing PMI  (Sep)
2025-09-30,07:30,CNY,M,china Non-Manufacturing PMI  (Sep)
2025-09-30,07:45,CNY,M,china Caixin Manufacturing PMI (MoM)  (Sep)
2025-09-30,07:45,CNY,M,china Caixin Services PMI  (Sep)
2025-09-30,10:30,AUD,H,australia RBA Interest Rate Decision  (Oct)
2025-09-30,10:30,AUD,M,australia RBA Rate Statement
2025-09-30,12:00,GBP,M,united kingdom Business Investment (QoQ)  (Q2)
2025-09-30,12:00,GBP,M,united kingdom Current Account  (Q2)
2025-09-30,12:00,GBP,H,united kingdom GDP (YoY)  (Q2)
2025-09-30,12:00,GBP,H,united kingdom GDP (QoQ)  (Q2)
2025-09-30,12:00,EUR,M,germany German Retail Sales (MoM)  (Aug)
2025-09-30,12:45,EUR,M,france French Consumer Spending (MoM)  (Aug)
2025-09-30,12:45,EUR,M,france French CPI (MoM)  (Sep)
2025-09-30,12:45,EUR,M,france French HICP (MoM)  (Sep)
2025-09-30,13:00,CHF,M,switzerland KOF Leading Indicators  (Sep)
2025-09-30,13:55,EUR,M,germany German Unemployment Change  (Sep)
2025-09-30,13:55,EUR,M,germany German Unemployment Rate  (Sep)
2025-09-30,15:30,EUR,M,germany German Buba Balz Speaks
2025-09-30,17:30,BRL,M,brazil Gross Debt-to-GDP ratio (MoM)  (Aug)
2025-09-30,18:00,GBP,M,united kingdom MPC Member Ramsden Speaks
2025-09-30,18:00,EUR,H,germany German CPI (MoM)  (Sep)
2025-09-30,18:00,EUR,M,germany German CPI (YoY)  (Sep)
2025-09-30,18:00,BRL,M,brazil Unemployment Rate  (Aug)
2025-09-30,18:50,EUR,M,euro zone ECB President Lagarde Speaks
2025-09-30,19:00,USD,M,united states S&P/CS HPI Composite - 20 n.s.a. (YoY)  (Jul)
2025-09-30,19:00,USD,M,united states S&P/CS HPI Composite - 20 n.s.a. (MoM)  (Jul)
2025-09-30,19:00,EUR,M,euro zone ECB's Elderson Speaks
2025-09-30,19:25,GBP,M,united kingdom BoE MPC Member Mann Speaks
2025-09-30,19:45,USD,H,united states Chicago PMI  (Sep)
2025-09-30,20:00,USD,H,united states CB Consumer Confidence  (Sep)
2025-09-30,20:00,USD,H,united states JOLTS Job Openings  (Aug)
2025-09-30,21:00,USD,H,united states U.S. President Trump Speaks
2025-09-30,23:00,EUR,M,germany German Buba President Nagel Speaks
2025-10-01,02:30,USD,M,united states API Weekly Crude Oil Stock
2025-10-01,05:50,JPY,M,japan Tankan All Big Industry CAPEX  (Q3)
2025-10-01,05:50,JPY,M,japan Tankan Big Manufacturing Outlook Index  (Q3)
2025-10-01,05:50,JPY,M,japan Tankan Large Manufacturers Index  (Q3)
2025-10-01,05:50,JPY,M,japan Tankan Large Non-Manufacturers Index  (Q3)
2025-10-01,10:30,INR,M,india Interest Rate Decision
2025-10-01,10:30,INR,M,india RBI Financial Stability Report
2025-10-01,12:00,GBP,M,united kingdom Nationwide HPI (MoM)  (Sep)
2025-10-01,12:00,GBP,M,united kingdom Nationwide HPI (YoY)  (Sep)
2025-10-01,13:15,EUR,M,spain HCOB Spain Manufacturing PMI  (Sep)
2025-10-01,13:30,CHF,M,switzerland procure.ch Manufacturing PMI  (Sep)
2025-10-01,13:30,EUR,M,euro zone ECB's Elderson Speaks
2025-10-01,13:45,EUR,M,italy HCOB Italy Manufacturing PMI  (Sep)
2025-10-01,13:55,EUR,M,euro zone ECB's De Guindos Speaks
2025-10-01,15:00,EUR,M,germany German Buba Mauderer Speaks
2025-10-01,15:00,EUR,M,euro zone Core CPI (YoY)  (Sep)
2025-10-01,15:00,EUR,M,euro zone CPI (MoM)  (Sep)
2025-10-01,15:00,EUR,H,euro zone CPI (YoY)  (Sep)
2025-10-01,15:30,EUR,M,germany German 10-Year Bund Auction
2025-10-01,15:55,GBP,M,united kingdom BoE MPC Member Mann Speaks
2025-10-01,16:00,USD,M,united states OPEC Meeting
2025-10-01,17:00,EUR,M,germany German Buba President Nagel Speaks
2025-10-01,18:15,USD,H,united states ADP Nonfarm Employment Change  (Sep)
2025-10-01,20:00,USD,M,united states ISM Manufacturing Employment  (Sep)
2025-10-01,20:00,USD,H,united states ISM Manufacturing PMI  (Sep)
2025-10-01,20:00,USD,H,united states ISM Manufacturing Prices  (Sep)
2025-10-01,20:30,USD,H,united states Crude Oil Inventories
2025-10-01,20:30,USD,M,united states Cushing Crude Oil Inventories
2025-10-01,22:00,RUB,M,russia Retail Sales (YoY)  (Aug)
2025-10-01,22:00,RUB,M,russia Unemployment Rate  (Aug)
2025-10-01,22:20,RUB,M,russia GDP Monthly (YoY)  (Aug)
2025-10-01,23:00,USD,M,united states Atlanta Fed GDPNow  (Q3)
2025-10-02,00:05,CAD,M,canada BoC Senior Deputy Governor Rogers Speaks
2025-10-02,07:30,AUD,M,australia RBA Financial Stability Review  (Aug)
2025-10-02,07:30,AUD,M,australia Trade Balance  (Aug)
2025-10-02,09:35,JPY,M,japan 10-Year JGB Auction
2025-10-02,12:30,CHF,M,switzerland CPI (MoM)  (Sep)
2025-10-02,13:00,EUR,M,spain Spanish Unemployment Change  (Sep)
2025-10-02,14:00,BRL,M,brazil IPC-Fipe Inflation Index (MoM)  (Sep)
2025-10-02,15:00,EUR,M,euro zone Unemployment Rate  (Aug)
2025-10-02,23:00,EUR,M,euro zone ECB's De Guindos Speaks
2025-10-03,02:30,USD,M,united states Fed's Balance Sheet
2025-10-03,12:00,RUB,M,russia S&P Global Services PMI  (Sep)
2025-10-03,13:00,TRY,M,türkiye CPI (MoM)  (Sep)
2025-10-03,13:00,TRY,M,türkiye CPI (YoY)  (Sep)
2025-10-03,13:15,EUR,M,spain HCOB Spain Services PMI  (Sep)
2025-10-03,13:45,EUR,M,italy HCOB Italy Services PMI  (Sep)
2025-10-03,15:40,EUR,M,euro zone ECB President Lagarde Speaks
2025-10-03,16:05,USD,M,united states FOMC Member Williams Speaks
2025-10-03,18:00,BRL,M,brazil Industrial Production (YoY)  (Aug)
2025-10-03,19:20,GBP,M,united kingdom BoE Gov Bailey Speaks
2025-10-03,19:50,EUR,M,euro zone ECB's Schnabel Speaks
2025-10-03,20:00,USD,M,united states ISM Non-Manufacturing Employment  (Sep)
2025-10-03,20:00,USD,H,united states ISM Non-Manufacturing PMI  (Sep)
2025-10-03,20:00,USD,H,united states ISM Non-Manufacturing Prices  (Sep)
2025-10-03,23:00,USD,M,united states U.S. Baker Hughes Oil Rig Count
2025-10-03,23:00,USD,M,united states U.S. Baker Hughes Total Rig Count
2025-10-06,13:15,EUR,M,euro zone ECB's De Guindos Speaks
2025-10-06,14:00,EUR,M,euro zone ECB's Lane Speaks
2025-10-06,14:30,GBP,M,united kingdom S&P Global Construction PMI  (Sep)
2025-10-06,23:00,EUR,M,euro zone ECB President Lagarde Speaks
2025-10-06,23:30,GBP,M,united kingdom BoE Gov Bailey Speaks
2025-10-07,03:00,NZD,M,new zealand NZIER Business Confidence  (Q3)
2025-10-07,05:30,JPY,M,japan Household Spending (MoM)  (Aug)
2025-10-07,05:30,JPY,M,japan Household Spending (YoY)  (Aug)
2025-10-07,12:00,GBP,M,united kingdom Halifax House Price Index (MoM)  (Sep)
2025-10-07,12:00,GBP,M,united kingdom Halifax House Price Index (YoY)  (Sep)
2025-10-07,12:00,EUR,M,germany German Factory Orders (MoM)  (Aug)
2025-10-07,14:30,GBP,M,united kingdom Mortgage Rate (GBP)  (Sep)
2025-10-07,18:30,CAD,M,canada Trade Balance  (Aug)
2025-10-07,20:00,USD,M,united states FOMC Member Bostic Speaks
2025-10-07,20:00,CAD,M,canada Ivey PMI  (Sep)
2025-10-07,20:05,USD,M,united states FOMC Member Bowman Speaks
2025-10-07,21:00,USD,M,united states NY Fed 1-Year Consumer Inflation Expectations  (Sep)
2025-10-07,21:30,USD,M,united states FOMC Member Kashkari Speaks
2025-10-07,22:00,USD,M,united states Atlanta Fed GDPNow  (Q3)
2025-10-07,22:00,USD,M,united states EIA Short-Term Energy Outlook
2025-10-07,22:00,EUR,M,germany German Buba President Nagel Speaks
2025-10-07,22:10,EUR,M,euro zone ECB President Lagarde Speaks
2025-10-07,23:00,USD,M,united states 3-Year Note Auction
2025-10-08,01:00,USD,M,united states Consumer Credit  (Aug)
2025-10-08,02:30,USD,M,united states API Weekly Crude Oil Stock
2025-10-08,05:50,JPY,M,japan Adjusted Current Account  (Aug)
2025-10-08,05:50,JPY,M,japan Current Account n.s.a.  (Aug)
2025-10-08,06:30,AUD,M,australia Building Approvals (MoM)  (Aug)
2025-10-08,07:00,NZD,H,new zealand RBNZ Interest Rate Decision
2025-10-08,07:00,NZD,M,new zealand RBNZ Rate Statement
2025-10-08,12:00,SEK,M,sweden CPI (MoM)  (Sep)
2025-10-08,12:00,SEK,M,sweden CPI (YoY)  (Sep)
2025-10-08,12:00,EUR,M,germany German Industrial Production (MoM)  (Aug)
2025-10-08,13:00,THB,M,thailand Interest Rate Decision
2025-10-08,15:15,EUR,M,germany German Buba Vice President Buch Speaks
2025-10-08,16:30,EUR,M,euro zone ECB's Elderson Speaks
2025-10-08,19:00,EUR,M,euro zone ECB Supervisory Board Member Tuominen Speaks
2025-10-08,19:10,PLN,M,poland Interest Rate Decision  (Oct)
2025-10-08,19:30,USD,M,united states Fed Vice Chair for Supervision Barr Speaks
2025-10-08,20:30,USD,H,united states Crude Oil Inventories
2025-10-08,20:30,USD,M,united states Cushing Crude Oil Inventories
2025-10-08,21:00,GBP,M,united kingdom BoE MPC Member Pill Speaks
2025-10-08,22:00,EUR,M,euro zone ECB President Lagarde Speaks
2025-10-08,23:00,USD,H,united states 10-Year Note Auction
2025-10-09,00:00,USD,H,united states FOMC Meeting Minutes
2025-10-09,01:15,USD,M,united states FOMC Member Kashkari Speaks
2025-10-09,03:45,USD,M,united states Fed Vice Chair for Supervision Barr Speaks
2025-10-09,12:00,EUR,M,germany German Trade Balance  (Aug)
2025-10-09,13:00,EUR,M,germany German Buba Balz Speaks
2025-10-09,14:30,GBP,M,united kingdom BoE MPC Member Mann Speaks
2025-10-09,16:00,EUR,M,euro zone Eurogroup Meetings
2025-10-09,17:30,EUR,M,euro zone ECB Publishes Account of Monetary Policy Meeting
2025-10-09,18:00,CAD,M,canada BoC Senior Deputy Governor Rogers Speaks
2025-10-09,18:00,MXN,M,mexico CPI (YoY)  (Sep)
2025-10-09,18:00,MXN,M,mexico CPI (MoM)  (Sep)
2025-10-09,18:00,BRL,M,brazil CPI (YoY)  (Sep)
2025-10-09,18:30,USD,H,united states Fed Chair Powell Speaks
2025-10-09,18:35,USD,M,united states FOMC Member Bowman Speaks
2025-10-09,21:00,MXN,M,mexico Monetary Policy Meeting Minutes
2025-10-09,21:00,EUR,M,euro zone ECB's Lane Speaks
2025-10-09,22:00,USD,M,united states WASDE Report
2025-10-09,22:45,USD,M,united states Fed Vice Chair for Supervision Barr Speaks
2025-10-09,23:00,USD,H,united states 30-Year Bond Auction
2025-10-10,01:45,USD,M,united states FOMC Member Bowman Speaks
2025-10-10,02:30,USD,M,united states Fed's Balance Sheet
2025-10-10,03:30,NZD,M,new zealand Business NZ PMI  (Sep)
2025-10-10,04:00,AUD,M,australia RBA Assist Gov Kent Speaks
2025-10-10,07:40,USD,M,united states FOMC Member Daly Speaks
2025-10-10,13:00,CHF,M,switzerland SECO Consumer Climate
2025-10-10,13:00,TRY,M,türkiye Turkish Retail Sales (MoM)  (Aug)
2025-10-10,13:00,TRY,M,türkiye Turkish Retail Sales (YoY)  (Aug)
2025-10-10,18:30,CAD,M,canada Employment Change  (Sep)
2025-10-10,18:30,CAD,M,canada Unemployment Rate  (Sep)
2025-10-10,20:00,USD,M,united states Michigan 1-Year Inflation Expectations  (Oct)
2025-10-10,20:00,USD,M,united states Michigan 5-Year Inflation Expectations  (Oct)
2025-10-10,20:00,USD,M,united states Michigan Consumer Expectations  (Oct)
2025-10-10,20:00,USD,M,united states Michigan Consumer Sentiment  (Oct)
2025-10-10,22:00,RUB,M,russia CPI (YoY)  (Sep)
2025-10-10,22:00,RUB,M,russia CPI (MoM)  (Sep)
2025-10-10,23:00,USD,M,united states U.S. Baker Hughes Oil Rig Count
2025-10-10,23:00,USD,M,united states U.S. Baker Hughes Total Rig Count
2025-10-13,09:30,CNY,M,china Exports (YoY)  (Sep)
2025-10-13,09:30,CNY,M,china Imports (YoY)  (Sep)
2025-10-13,09:30,CNY,M,china Trade Balance (USD)  (Sep)
2025-10-13,16:30,INR,M,india CPI (YoY)  (Sep)
2025-10-13,17:00,USD,M,united states OPEC Monthly Report
2025-10-13,19:00,EUR,M,germany German Buba Vice President Buch Speaks
2025-10-13,23:30,EUR,M,germany German Buba Balz Speaks
2025-10-14,01:10,GBP,M,united kingdom BoE MPC Member Mann Speaks
2025-10-14,03:45,NZD,M,new zealand Electronic Card Retail Sales (MoM)  (Sep)
2025-10-14,05:01,GBP,M,united kingdom BRC Retail Sales Monitor (YoY)  (Sep)
2025-10-14,06:30,AUD,M,australia RBA Meeting Minutes
2025-10-14,06:30,AUD,M,australia NAB Business Confidence  (Sep)
2025-10-14,12:00,GBP,M,united kingdom Average Earnings Index +Bonus  (Aug)
2025-10-14,12:00,GBP,M,united kingdom Claimant Count Change  (Sep)
2025-10-14,12:00,GBP,M,united kingdom Employment Change 3M/3M (MoM)  (Aug)
2025-10-14,12:00,GBP,M,united kingdom Unemployment Rate  (Aug)
2025-10-14,12:00,EUR,M,germany German CPI (YoY)  (Sep)
2025-10-14,12:00,EUR,H,germany German CPI (MoM)  (Sep)
2025-10-14,12:30,CHF,M,switzerland PPI (MoM)  (Sep)
2025-10-14,12:30,INR,M,india WPI Inflation (YoY)  (Sep)
2025-10-14,14:00,USD,M,united states IEA Monthly Report
2025-10-14,15:00,EUR,M,germany German ZEW Current Conditions  (Oct)
2025-10-14,15:00,EUR,M,germany German ZEW Economic Sentiment  (Oct)
2025-10-14,15:00,EUR,M,euro zone ZEW Economic Sentiment  (Oct)
2025-10-14,15:10,EUR,M,italy Italian 10-Year BTP Auction
2025-10-14,18:30,CAD,M,canada Building Permits (MoM)  (Aug)
2025-10-14,18:45,USD,M,united states FOMC Member Bowman Speaks
2025-10-14,21:15,CAD,M,canada BoC Senior Deputy Governor Rogers Speaks
2025-10-14,22:20,USD,H,united states Fed Chair Powell Speaks
2025-10-14,23:00,GBP,M,united kingdom BoE Gov Bailey Speaks
2025-10-15,01:25,USD,M,united states Fed Waller Speaks
2025-10-15,07:30,CNY,M,china CPI (MoM)  (Sep)
2025-10-15,07:30,CNY,M,china CPI (YoY)  (Sep)
2025-10-15,07:30,CNY,M,china PPI (YoY)  (Sep)
2025-10-15,10:30,JPY,M,japan Industrial Production (MoM)  (Aug)
2025-10-15,12:00,SEK,M,sweden CPI (MoM)  (Sep)
2025-10-15,12:00,SEK,M,sweden CPI (YoY)  (Sep)
2025-10-15,12:45,EUR,M,france French CPI (MoM)  (Sep)
2025-10-15,12:45,EUR,M,france French HICP (MoM)  (Sep)
2025-10-15,13:00,EUR,M,spain Spanish CPI (YoY)  (Sep)
2025-10-15,13:00,EUR,M,spain Spanish HICP (YoY)  (Sep)
2025-10-15,13:40,EUR,M,euro zone ECB's De Guindos Speaks
2025-10-15,14:00,GBP,M,united kingdom MPC Member Ramsden Speaks
2025-10-15,14:00,EUR,M,germany German Buba Vice President Buch Speaks
2025-10-15,15:00,CNY,M,china New Loans  (Sep)
2025-10-15,15:00,EUR,M,euro zone Industrial Production (MoM)  (Aug)
2025-10-15,17:30,INR,M,india RBI MPC Meeting Minutes
2025-10-15,18:00,BRL,M,brazil Retail Sales (YoY)  (Aug)
2025-10-15,18:00,BRL,M,brazil Retail Sales (MoM)  (Aug)
2025-10-15,18:30,USD,M,united states NY Empire State Manufacturing Index  (Oct)
2025-10-15,18:30,CAD,M,canada Wholesale Sales (MoM)  (Aug)
2025-10-15,22:10,USD,M,united states FOMC Member Bostic Speaks
2025-10-15,23:00,USD,M,united states Fed Waller Speaks
2025-10-16,00:00,USD,M,united states Beige Book
2025-10-16,00:00,EUR,M,euro zone ECB's De Guindos Speaks
2025-10-16,03:50,AUD,M,australia RBA Assist Gov Kent Speaks
2025-10-16,06:30,AUD,M,australia Employment Change  (Sep)
2025-10-16,06:30,AUD,M,australia Full Employment Change  (Sep)
2025-10-16,06:30,AUD,M,australia Unemployment Rate  (Sep)
2025-10-16,12:00,GBP,H,united kingdom GDP (MoM)  (Aug)
2025-10-16,12:00,GBP,M,united kingdom Industrial Production (MoM)  (Aug)
2025-10-16,12:00,GBP,M,united kingdom Manufacturing Production (MoM)  (Aug)
2025-10-16,12:00,GBP,M,united kingdom Monthly GDP 3M/3M Change  (Aug)
2025-10-16,12:00,GBP,M,united kingdom Trade Balance  (Aug)
2025-10-16,12:00,GBP,M,united kingdom Trade Balance Non-EU  (Aug)
2025-10-16,14:30,GBP,M,united kingdom BOE Credit Conditions Survey
2025-10-16,15:00,EUR,M,euro zone Trade Balance  (Aug)
2025-10-16,16:10,GBP,M,united kingdom NIESR Monthly GDP Tracker
2025-10-16,18:15,CAD,M,canada Housing Starts  (Sep)
2025-10-16,18:30,USD,H,united states Philadelphia Fed Manufacturing Index  (Oct)
2025-10-16,18:30,USD,M,united states Philly Fed Employment  (Oct)
2025-10-16,19:00,GBP,M,united kingdom BoE MPC Member Mann Speaks
2025-10-16,19:00,USD,M,united states Fed Vice Chair for Supervision Barr Speaks
2025-10-16,19:00,USD,M,united states Fed Waller Speaks
2025-10-16,20:00,USD,M,united states FOMC Member Bowman Speaks
2025-10-16,20:45,GBP,M,united kingdom BoE Deputy Governor Woods Speaks
2025-10-16,20:45,GBP,M,united kingdom BoE MPC Member Mann Speaks
2025-10-16,21:45,EUR,M,euro zone ECB's Lane Speaks
2025-10-16,22:00,USD,H,united states Crude Oil Inventories
2025-10-16,22:00,USD,M,united states Cushing Crude Oil Inventories
2025-10-16,22:00,EUR,M,euro zone ECB President Lagarde Speaks
2025-10-16,23:00,USD,M,united states API Weekly Crude Oil Stock
2025-10-16,23:30,CAD,M,canada BoC Gov Macklem Speaks
2025-10-17,00:00,USD,M,united states Federal Budget Balance  (Sep)
2025-10-17,02:30,USD,M,united states Fed's Balance Sheet
2025-10-17,04:00,USD,M,united states FOMC Member Kashkari Speaks
2025-10-17,10:00,MYR,M,malaysia GDP (YoY)  (Q3)
2025-10-17,12:45,EUR,M,germany German Buba Balz Speaks
2025-10-17,12:45,EUR,M,germany German Buba President Nagel Speaks
2025-10-17,15:00,EUR,M,euro zone Core CPI (YoY)  (Sep)
2025-10-17,15:00,EUR,M,euro zone CPI (MoM)  (Sep)
2025-10-17,15:00,EUR,H,euro zone CPI (YoY)  (Sep)
2025-10-17,15:35,GBP,M,united kingdom BoE MPC Member Pill Speaks
2025-10-17,18:30,CAD,M,canada Foreign Securities Purchases  (Aug)
2025-10-17,18:45,EUR,M,germany German Buba Mauderer Speaks
2025-10-17,18:45,EUR,M,germany German Buba President Nagel Speaks
2025-10-17,23:00,USD,M,united states U.S. Baker Hughes Oil Rig Count
2025-10-17,23:00,USD,M,united states U.S. Baker Hughes Total Rig Count
2025-10-18,18:00,EUR,M,germany German Buba President Nagel Speaks
2025-10-18,19:00,GBP,M,united kingdom BoE Gov Bailey Speaks
2025-10-18,19:00,EUR,M,euro zone ECB President Lagarde Speaks
2025-10-20,03:45,NZD,M,new zealand CPI (YoY)  (Q3)
2025-10-20,03:45,NZD,M,new zealand CPI (QoQ)  (Q3)
2025-10-20,07:00,CNY,M,china China Loan Prime Rate 5Y  (Oct)
2025-10-20,07:00,CNY,M,china PBoC Loan Prime Rate
2025-10-20,08:00,CNY,M,china Fixed Asset Investment (YoY)  (Sep)
2025-10-20,08:00,CNY,M,china GDP (QoQ)  (Q3)
2025-10-20,08:00,CNY,H,china GDP (YoY)  (Q3)
2025-10-20,08:00,CNY,M,china Chinese GDP YTD  (YoY)  (Q3)
2025-10-20,08:00,CNY,M,china Industrial Production (YoY)  (Sep)
2025-10-20,08:00,CNY,M,china Chinese Industrial Production YTD  (YoY)  (Sep)
2025-10-20,08:00,CNY,M,china Chinese Unemployment Rate  (Sep)
2025-10-20,08:00,CNY,M,china NBS Press Conference
2025-10-20,13:00,EUR,M,germany German PPI (MoM)  (Sep)
2025-10-20,14:00,EUR,M,euro zone ECB's Schnabel Speaks
2025-10-20,18:30,CAD,M,canada RMPI (MoM)  (Sep)
2025-10-20,20:00,EUR,M,euro zone ECB's Schnabel Speaks
2025-10-20,20:30,CAD,M,canada BoC Business Outlook Survey
2025-10-20,23:00,EUR,M,germany German Buba Balz Speaks
2025-10-21,01:00,EUR,M,germany German Buba President Nagel Speaks
2025-10-21,07:00,EUR,M,germany German Buba President Nagel Speaks
2025-10-21,10:00,EUR,M,germany German Buba President Nagel Speaks
2025-10-21,13:00,EUR,M,euro zone ECB's Lane Speaks
2025-10-21,16:30,GBP,M,united kingdom BoE Gov Bailey Speaks
2025-10-21,17:00,EUR,M,euro zone ECB President Lagarde Speaks
2025-10-21,17:30,USD,M,united states Business Inventories (MoM)  (Aug)
2025-10-21,17:30,USD,M,united states Retail Inventories Ex Auto  (Aug)
2025-10-21,17:30,USD,M,united states US Leading Index (MoM)  (Sep)
2025-10-21,18:30,CAD,M,canada Core CPI (YoY)  (Sep)
2025-10-21,18:30,CAD,M,canada Core CPI (MoM)  (Sep)
2025-10-21,18:30,CAD,M,canada CPI (MoM)  (Sep)
2025-10-21,19:00,USD,M,united states Fed Waller Speaks
2025-10-21,23:00,EUR,M,germany German Buba Balz Speaks
2025-10-22,01:30,USD,M,united states Fed Waller Speaks
2025-10-22,02:30,USD,M,united states API Weekly Crude Oil Stock
2025-10-22,03:00,USD,M,united states TIC Net Long-Term Transactions  (Aug)
2025-10-22,04:00,EUR,M,germany German Buba President Nagel Speaks
2025-10-22,05:50,JPY,M,japan Adjusted Trade Balance
2025-10-22,05:50,JPY,M,japan Exports (YoY)  (Sep)
2025-10-22,05:50,JPY,M,japan Trade Balance  (Sep)
2025-10-22,10:00,MYR,M,malaysia CPI (YoY)  (Sep)
2025-10-22,12:00,GBP,M,united kingdom CPI (MoM)  (Sep)
2025-10-22,12:00,GBP,H,united kingdom CPI (YoY)  (Sep)
2025-10-22,12:00,GBP,M,united kingdom CPIH (YoY)
2025-10-22,12:00,GBP,M,united kingdom PPI Input (MoM)  (Sep)
2025-10-22,13:30,IDR,M,indonesia Interest Rate Decision
2025-10-22,17:00,EUR,M,euro zone ECB's De Guindos Speaks
2025-10-22,18:25,EUR,M,euro zone ECB President Lagarde Speaks
2025-10-22,20:30,USD,H,united states Crude Oil Inventories
2025-10-22,20:30,USD,M,united states Cushing Crude Oil Inventories
2025-10-22,21:00,EUR,M,germany German Buba Vice President Buch Speaks
2025-10-22,23:00,USD,M,united states 20-Year Bond Auction
2025-10-23,02:00,GBP,M,united kingdom BoE Deputy Governor Woods Speaks
2025-10-23,02:00,USD,M,united states Fed Vice Chair for Supervision Barr Speaks
2025-10-23,11:00,SGD,M,singapore Core CPI (YoY)  (Sep)
2025-10-23,11:00,SGD,M,singapore CPI (YoY)  (Sep)
2025-10-23,17:00,TRY,M,türkiye One-Week Repo Rate  (Oct)
2025-10-23,18:30,USD,M,united states Continuing Jobless Claims
2025-10-23,18:30,USD,H,united states Initial Jobless Claims
2025-10-23,18:30,CAD,M,canada Core Retail Sales (MoM)  (Aug)
2025-10-23,18:30,CAD,M,canada Retail Sales (MoM)  (Aug)
2025-10-23,18:30,CAD,M,canada Retail Sales (MoM)  (Aug)
2025-10-23,19:30,EUR,M,euro zone ECB's Lane Speaks
2025-10-23,20:00,USD,M,united states Existing Home Sales (MoM)  (Sep)
2025-10-23,20:00,USD,H,united states Existing Home Sales  (Sep)
2025-10-23,20:00,USD,M,united states FOMC Member Bowman Speaks
2025-10-23,20:25,USD,M,united states Fed Vice Chair for Supervision Barr Speaks
2025-10-23,23:00,USD,M,united states 5-Year TIPS Auction
2025-10-24,02:30,USD,M,united states Fed's Balance Sheet
2025-10-24,05:30,JPY,M,japan National Core CPI (YoY)  (Sep)
2025-10-24,05:30,JPY,M,japan National CPI (MoM)  (Sep)
2025-10-24,06:30,JPY,M,japan au Jibun Bank Services PMI  (Oct)
2025-10-24,12:00,GBP,M,united kingdom Core Retail Sales (YoY)  (Sep)
2025-10-24,12:00,GBP,M,united kingdom Core Retail Sales (MoM)  (Sep)
2025-10-24,12:00,GBP,M,united kingdom Retail Sales (YoY)  (Sep)
2025-10-24,12:00,GBP,M,united kingdom Retail Sales (MoM)  (Sep)
2025-10-24,13:15,EUR,M,france HCOB France Manufacturing PMI  (Oct)
2025-10-24,13:15,EUR,M,france HCOB France Services PMI  (Oct)
2025-10-24,13:30,EUR,M,germany HCOB Germany Manufacturing PMI  (Oct)
2025-10-24,13:30,EUR,M,germany HCOB Germany Services PMI  (Oct)
2025-10-24,14:00,EUR,M,euro zone HCOB Eurozone Manufacturing PMI  (Oct)
2025-10-24,14:00,EUR,M,euro zone HCOB Eurozone Composite PMI  (Oct)
2025-10-24,14:00,EUR,M,euro zone HCOB Eurozone Services PMI  (Oct)
2025-10-24,14:30,GBP,M,united kingdom S&P Global Composite PMI  (Oct)
2025-10-24,14:30,GBP,M,united kingdom S&P Global Manufacturing PMI  (Oct)
2025-10-24,14:30,GBP,M,united kingdom S&P Global Services PMI  (Oct)
2025-10-24,15:15,GBP,M,united kingdom BoE Deputy Governor Woods Speaks
2025-10-24,16:30,RUB,M,russia Interest Rate Decision  (Oct)
2025-10-24,18:00,RUB,M,russia CBR Press Conference
2025-10-24,18:30,USD,M,united states Building Permits  (Sep)
2025-10-24,18:30,USD,M,united states Core CPI (YoY)  (Sep)
2025-10-24,18:30,USD,H,united states Core CPI (MoM)  (Sep)
2025-10-24,18:30,USD,H,united states CPI (YoY)  (Sep)
2025-10-24,18:30,USD,H,united states CPI (MoM)  (Sep)
2025-10-24,18:30,CAD,M,canada New Housing Price Index (MoM)  (Sep)
2025-10-24,18:45,EUR,M,germany German Buba President Nagel Speaks
2025-10-24,19:45,USD,H,united states S&P Global Manufacturing PMI  (Oct)
2025-10-24,19:45,USD,M,united states S&P Global Composite PMI  (Oct)
2025-10-24,19:45,USD,H,united states S&P Global Services PMI  (Oct)
2025-10-24,20:00,USD,M,united states Michigan 1-Year Inflation Expectations  (Oct)
2025-10-24,20:00,USD,M,united states Michigan 5-Year Inflation Expectations  (Oct)
2025-10-24,20:00,USD,M,united states Michigan Consumer Expectations  (Oct)
2025-10-24,20:00,USD,M,united states Michigan Consumer Sentiment  (Oct)
2025-10-24,20:00,USD,H,united states New Home Sales  (Sep)
2025-10-24,20:00,USD,M,united states New Home Sales (MoM)  (Sep)
2025-10-24,23:00,USD,M,united states U.S. Baker Hughes Oil Rig Count
2025-10-24,23:00,USD,M,united states U.S. Baker Hughes Total Rig Count
2025-10-27,14:00,EUR,M,germany German Business Expectations  (Oct)
2025-10-27,14:00,EUR,M,germany German Current Assessment  (Oct)
2025-10-27,14:00,EUR,M,germany German Ifo Business Climate Index  (Oct)
2025-10-27,17:30,USD,M,united states Core Durable Goods Orders (MoM)  (Sep)
2025-10-27,17:30,USD,H,united states Durable Goods Orders (MoM)  (Sep)
2025-10-27,20:30,USD,M,united states Atlanta Fed GDPNow  (Q3)
2025-10-28,12:00,EUR,M,germany GfK German Consumer Climate  (Nov)
2025-10-28,18:00,USD,M,united states S&P/CS HPI Composite - 20 n.s.a. (YoY)  (Aug)
2025-10-28,18:00,USD,M,united states S&P/CS HPI Composite - 20 n.s.a. (MoM)  (Aug)
2025-10-28,19:00,USD,H,united states CB Consumer Confidence  (Oct)
2025-10-29,05:30,AUD,M,australia CPI (YoY)  (Q3)
2025-10-29,05:30,AUD,M,australia CPI (QoQ)  (Q3)
2025-10-29,05:30,AUD,M,australia Trimmed Mean CPI (QoQ)  (Q3)
2025-10-29,12:00,SEK,M,sweden GDP (YoY)  (Q3)
2025-10-29,12:00,SEK,M,sweden GDP (QoQ)  (Q3)
2025-10-29,13:00,EUR,M,spain Spanish GDP (QoQ)  (Q3)
2025-10-29,17:30,USD,M,united states Goods Trade Balance  (Sep)
2025-10-29,17:30,USD,M,united states Retail Inventories Ex Auto  (Sep)
2025-10-29,18:45,CAD,H,canada BoC Interest Rate Decision
2025-10-29,19:00,USD,M,united states Pending Home Sales (MoM)  (Sep)
2025-10-29,20:30,USD,M,united states Atlanta Fed GDPNow  (Q3)
2025-10-29,21:00,RUB,M,russia Retail Sales (YoY)  (Sep)
2025-10-29,21:00,RUB,M,russia Unemployment Rate  (Sep)
2025-10-29,23:00,USD,H,united states Fed Interest Rate Decision
2025-10-30,08:00,JPY,H,japan BoJ Interest Rate Decision
2025-10-30,11:30,EUR,M,france French GDP (QoQ)  (Q3)
2025-10-30,11:30,EUR,M,france French GDP (YoY)  (Q3)
2025-10-30,12:30,HUF,M,hungary GDP (YoY)  (Q3)
2025-10-30,12:45,EUR,M,france French Consumer Spending (MoM)  (Sep)
2025-10-30,13:00,CHF,M,switzerland KOF Leading Indicators  (Oct)
2025-10-30,13:00,EUR,M,spain Spanish CPI (YoY)  (Oct)
2025-10-30,13:00,EUR,M,spain Spanish HICP (YoY)  (Oct)
2025-10-30,13:55,EUR,M,germany German Unemployment Change  (Oct)
2025-10-30,13:55,EUR,M,germany German Unemployment Rate  (Oct)
2025-10-30,14:00,EUR,H,germany German GDP (QoQ)  (Q3)
2025-10-30,14:00,EUR,M,germany German GDP (YoY)  (Q3)
2025-10-30,15:00,EUR,M,euro zone GDP (YoY)  (Q3)
2025-10-30,15:00,EUR,M,euro zone GDP (QoQ)  (Q3)
2025-10-30,15:00,EUR,M,euro zone Unemployment Rate  (Sep)
2025-10-30,17:00,MXN,M,mexico GDP (YoY)  (Q3)
2025-10-30,17:00,MXN,M,mexico GDP (QoQ)  (Q3)
2025-10-30,17:30,USD,M,united states Core PCE Prices  (Q3)
2025-10-30,17:30,USD,H,united states GDP (QoQ)  (Q3)
2025-10-30,17:30,USD,M,united states GDP Price Index (QoQ)  (Q3)
2025-10-30,18:00,EUR,H,germany German CPI (MoM)  (Oct)
2025-10-30,18:00,EUR,M,germany German CPI (YoY)  (Oct)
2025-10-30,18:15,EUR,H,euro zone Deposit Facility Rate  (Oct)
2025-10-30,18:15,EUR,H,euro zone ECB Interest Rate Decision  (Oct)
2025-10-31,04:30,JPY,M,japan Tokyo Core CPI (YoY)  (Oct)
2025-10-31,04:50,JPY,M,japan Industrial Production (MoM)  (Sep)
2025-10-31,05:30,AUD,M,australia PPI (QoQ)  (Q3)
2025-10-31,05:30,AUD,M,australia PPI (YoY)  (Q3)
2025-10-31,06:30,CNY,M,china Chinese Composite PMI  (Oct)
2025-10-31,06:30,CNY,H,china Manufacturing PMI  (Oct)
2025-10-31,06:30,CNY,M,china Non-Manufacturing PMI  (Oct)
2025-10-31,12:00,EUR,M,germany German Retail Sales (MoM)  (Sep)
2025-10-31,12:45,EUR,M,france French CPI (MoM)  (Oct)
2025-10-31,15:00,EUR,H,euro zone CPI (YoY)  (Oct)
2025-10-31,16:30,BRL,M,brazil Gross Debt-to-GDP ratio (MoM)  (Sep)
2025-10-31,17:00,BRL,M,brazil Unemployment Rate  (Sep)
2025-10-31,17:30,USD,H,united states Core PCE Price Index (MoM)  (Sep)
2025-10-31,17:30,USD,H,united states Core PCE Price Index (YoY)  (Sep)
2025-10-31,17:30,USD,M,united states Employment Cost Index (QoQ)  (Q3)
2025-10-31,17:30,USD,M,united states PCE Price index (YoY)  (Sep)
2025-10-31,17:30,USD,M,united states PCE price index (MoM)  (Sep)
2025-10-31,17:30,USD,M,united states Personal Spending (MoM)  (Sep)
2025-10-31,17:30,CAD,M,canada GDP (MoM)  (Aug)
2025-10-31,18:45,USD,H,united states Chicago PMI  (Oct)
2025-10-31,20:30,USD,M,united states Atlanta Fed GDPNow  (Q4)
2025-10-31,22:00,USD,M,united states U.S. Baker Hughes Oil Rig Count
2025-10-31,22:00,USD,M,united states U.S. Baker Hughes Total Rig Count
2025-11-03,05:30,AUD,M,australia Building Approvals (MoM)  (Sep)
2025-11-03,06:45,CNY,M,china Caixin Manufacturing PMI (MoM)  (Oct)
2025-11-03,12:00,TRY,M,türkiye CPI (MoM)  (Oct)
2025-11-03,12:00,TRY,M,türkiye CPI (YoY)  (Oct)
2025-11-03,12:30,CHF,M,switzerland CPI (MoM)  (Oct)
2025-11-03,13:15,EUR,M,spain HCOB Spain Manufacturing PMI  (Oct)
2025-11-03,13:30,CHF,M,switzerland procure.ch Manufacturing PMI  (Oct)
2025-11-03,13:45,EUR,M,italy HCOB Italy Manufacturing PMI  (Oct)
2025-11-03,13:50,EUR,M,france HCOB France Manufacturing PMI  (Oct)
2025-11-03,13:55,EUR,M,germany HCOB Germany Manufacturing PMI  (Oct)
2025-11-03,14:00,EUR,M,euro zone HCOB Eurozone Manufacturing PMI  (Oct)
2025-11-03,14:30,GBP,M,united kingdom S&P Global Manufacturing PMI  (Oct)
2025-11-03,19:45,USD,H,united states S&P Global Manufacturing PMI  (Oct)
2025-11-03,20:00,USD,M,united states ISM Manufacturing Employment  (Oct)
2025-11-03,20:00,USD,H,united states ISM Manufacturing PMI  (Oct)
2025-11-03,20:00,USD,H,united states ISM Manufacturing Prices  (Oct)
2025-11-04,08:30,AUD,H,australia RBA Interest Rate Decision  (Nov)
2025-11-04,14:00,BRL,M,brazil IPC-Fipe Inflation Index (MoM)  (Oct)
2025-11-04,17:00,BRL,M,brazil Industrial Production (YoY)  (Sep)
2025-11-04,18:30,CAD,M,canada Trade Balance  (Sep)
2025-11-04,20:00,USD,H,united states JOLTS Job Openings  (Sep)
2025-11-04,22:00,USD,M,united states Atlanta Fed GDPNow  (Q4)
2025-11-05,06:45,CNY,M,china Caixin Services PMI  (Oct)
2025-11-05,12:00,EUR,M,germany German Factory Orders (MoM)  (Sep)
2025-11-05,13:15,EUR,M,spain HCOB Spain Services PMI  (Oct)
2025-11-05,13:45,EUR,M,italy HCOB Italy Services PMI  (Oct)
2025-11-05,13:50,EUR,M,france HCOB France Services PMI  (Oct)
2025-11-05,13:55,EUR,M,germany HCOB Germany Services PMI  (Oct)
2025-11-05,14:00,EUR,M,euro zone HCOB Eurozone Composite PMI  (Oct)
2025-11-05,14:00,EUR,M,euro zone HCOB Eurozone Services PMI  (Oct)
2025-11-05,14:30,GBP,M,united kingdom S&P Global Composite PMI  (Oct)
2025-11-05,14:30,GBP,M,united kingdom S&P Global Services PMI  (Oct)
2025-11-05,18:00,PLN,M,poland Interest Rate Decision  (Nov)
2025-11-05,18:15,USD,H,united states ADP Nonfarm Employment Change  (Oct)
2025-11-05,19:00,USD,M,united states ISM Non-Manufacturing Employment  (Oct)
2025-11-05,19:00,USD,H,united states ISM Non-Manufacturing PMI  (Oct)
2025-11-05,19:00,USD,H,united states ISM Non-Manufacturing Prices  (Oct)
2025-11-05,19:45,USD,M,united states S&P Global Composite PMI  (Oct)
2025-11-05,19:45,USD,H,united states S&P Global Services PMI  (Oct)
2025-11-06,05:30,JPY,M,japan au Jibun Bank Services PMI  (Oct)
2025-11-06,12:00,EUR,M,germany German Industrial Production (MoM)  (Sep)
2025-11-06,14:30,GBP,M,united kingdom S&P Global Construction PMI  (Oct)
2025-11-06,17:00,GBP,M,united kingdom BoE MPC vote cut  (Nov)
2025-11-06,17:00,GBP,M,united kingdom BoE MPC vote hike  (Nov)
2025-11-06,17:00,GBP,M,united kingdom BoE MPC vote unchanged  (Nov)
2025-11-06,17:00,GBP,H,united kingdom BoE Interest Rate Decision  (Nov)
2025-11-06,18:30,USD,M,united states Nonfarm Productivity (QoQ)  (Q3)
2025-11-06,18:30,USD,M,united states Unit Labor Costs (QoQ)  (Q3)
2025-11-06,20:00,CAD,M,canada Ivey PMI  (Oct)
2025-11-06,22:00,USD,M,united states Atlanta Fed GDPNow  (Q4)
2025-11-07,00:00,MXN,M,mexico Interest Rate Decision  (Nov)
2025-11-07,04:30,JPY,M,japan Household Spending (YoY)  (Sep)
2025-11-07,04:30,JPY,M,japan Household Spending (MoM)  (Sep)
2025-11-07,08:00,CNY,M,china Imports (YoY)  (Oct)
2025-11-07,08:00,CNY,M,china Trade Balance (USD)  (Oct)
2025-11-07,08:00,CNY,M,china Exports (YoY)  (Oct)
2025-11-07,11:00,RUB,M,russia S&P Global Services PMI  (Oct)
2025-11-07,12:00,GBP,M,united kingdom Halifax House Price Index (YoY)  (Oct)
2025-11-07,12:00,GBP,M,united kingdom Halifax House Price Index (MoM)  (Oct)
2025-11-07,12:00,EUR,M,germany German Trade Balance  (Sep)
2025-11-07,13:00,CHF,M,switzerland SECO Consumer Climate  (Q4)
2025-11-07,17:00,MXN,M,mexico CPI (MoM)  (Oct)
2025-11-07,17:00,MXN,M,mexico CPI (YoY)  (Oct)
2025-11-07,18:30,CAD,M,canada Employment Change  (Oct)
2025-11-07,18:30,CAD,M,canada Unemployment Rate  (Oct)
2025-11-07,20:00,USD,M,united states Michigan 1-Year Inflation Expectations  (Nov)
2025-11-07,20:00,USD,M,united states Michigan 5-Year Inflation Expectations  (Nov)
2025-11-07,20:00,USD,M,united states Michigan Consumer Expectations  (Nov)
2025-11-07,20:00,USD,M,united states Michigan Consumer Sentiment  (Nov)
2025-11-08,01:00,USD,M,united states Consumer Credit  (Sep)
2025-11-09,06:30,CNY,M,china CPI (YoY)  (Oct)
2025-11-09,06:30,CNY,M,china CPI (MoM)  (Oct)
2025-11-09,06:30,CNY,M,china PPI (YoY)  (Oct)
2025-11-11,04:50,JPY,M,japan Adjusted Current Account  (Sep)
2025-11-11,04:50,JPY,M,japan Current Account n.s.a.  (Sep)
2025-11-11,05:01,GBP,M,united kingdom BRC Retail Sales Monitor (YoY)  (Oct)
2025-11-11,05:30,AUD,M,australia NAB Business Confidence  (Oct)
2025-11-11,12:00,GBP,M,united kingdom Average Earnings Index +Bonus  (Sep)
2025-11-11,12:00,GBP,M,united kingdom Claimant Count Change  (Oct)
2025-11-11,12:00,GBP,M,united kingdom Employment Change 3M/3M (MoM)  (Sep)
2025-11-11,12:00,GBP,M,united kingdom Unemployment Rate  (Sep)
2025-11-12,17:00,USD,M,united states OPEC Monthly Report
2025-11-13,13:00,PLN,M,poland GDP (YoY)  (Q3)
2025-11-13,13:00,PLN,M,poland GDP (QoQ)  (Q3)
2025-11-14,22:00,USD,M,united states Atlanta Fed GDPNow  (Q4)
2025-11-19,20:30,USD,M,united states Atlanta Fed GDPNow  (Q4)
2025-11-26,22:00,USD,M,united states Atlanta Fed GDPNow  (Q4)
2025-12-01,22:00,USD,M,united states Atlanta Fed GDPNow  (Q4)
2025-12-04,22:00,USD,M,united states Atlanta Fed GDPNow  (Q4)
2025-12-10,22:00,USD,M,united states Atlanta Fed GDPNow  (Q4)
2025-12-11,00:00,USD,M,united states Interest Rate Projection - 3rd Yr  (Q1)
2025-12-11,00:00,USD,H,united states Fed Interest Rate Decision
2025-12-11,17:00,USD,M,united states OPEC Monthly Report
2025-12-16,20:30,USD,M,united states Atlanta Fed GDPNow  (Q4)
2025-12-17,22:00,USD,M,united states Atlanta Fed GDPNow  (Q4)
2025-12-19,08:00,JPY,H,japan BoJ Interest Rate Decision
2025-12-19,22:00,USD,M,united states Atlanta Fed GDPNow  (Q4)
2025-12-24,20:30,USD,M,united states Atlanta Fed GDPNow  (Q4)
